runs,pools,poolsize,decompressedsize,recompressedsize,recompressed100
1,"WYACHC,ACGCGT,TGCCCA,KGCGCV,GSWTTT,TCAWCT,AATNTT,CTCMCT,CAATAT,CWDTTT",10.0,39.0,11.0,12
2,"WAKCAD,AGHVMW,CYTWTA,AKTVTG,ARNCRC,YCCRVG,ACATTM,ATACAT,WTCTAA,KTTTDC",10.0,97.0,13.0,14
3,"YSACWW,AGCTTW,CGWDCG,ARBTCS,GBSGVG,BCAGTY,CRWTCT,TKGCCW,VYWSTG,CTNABN",10.0,140.0,22.0,26
4,"TSAAMA,NAAMAK,CGANTG,KAAATT,GCTCAD,VTTTAG,GGTGTA,NHGWCG,GSWCYM,VTCCAH",10.0,82.0,14.0,20
5,"CTGTCG,MASATK,TCNTCK,CTTTGV,BKSRCA,AABAVT,GKCGGT,GVTDVG,YCHGTB,NSTRAW",10.0,132.0,19.0,20
6,"SCATTT,TCTACC,GCGSGA,SSACTR,WGGGAA,CCGAAA,GTSCYT,TTTGTA,CAWRGC,TSKCAT",10.0,29.0,14.0,12
7,"AGTGTM,GCAAAC,HCAGCM,SAAWKG,SBCGST,GAMGWK,YTAATA,YTATTA,RGAATG,TTGCWA",10.0,45.0,12.0,11
8,"GATHTG,TTTGGA,HHCTCV,GHGGAC,AGKTTD,KCCCGT,SNGTCG,WCAANG,TGTCWR,GWDATC",10.0,68.0,15.0,20
9,"CBYAHG,WSCCTC,GNTMBW,MATKNV,WGHWCC,KTAWTA,AATART,SACTCS,KCTKGT,TCDRGA",10.0,150.0,19.0,16
10,"CVKTMG,AYAAAD,GTHNAB,NCGTWT,GTTDTY,CCCGCB,TACDWS,GTTTGC,CTAKGT,CRVADK",10.0,122.0,15.0,17
11,"MAWCKA,RSTACG,CGMGAG,GSYTHG,RRCTAA,GGTGAG,AGWGAA,TCGAVC,ATWGCA,ATWACH",10.0,44.0,12.0,17
12,"MRWGCA,TTGKHW,KTGCCT,GAAYTA,BAGTCG,AVTATA,CCTMWS,BCSGCG,CTCTST,TTMKAA",10.0,50.0,14.0,14
13,"VKTYHG,BCSSTS,HRMNCT,CKTYGV,RGKAMG,STNCAA,BRTTMC,BTGWDW,ATTTAT,GABATM",10.0,191.0,22.0,25
14,"AGCTWG,TACANM,MTGTWK,CCWAMN,KGGNDA,TTCBTS,TCBSCC,HAHGAT,TCTCTK,NKAGRM",10.0,113.0,14.0,20
15,"ATCCHT,TWCCSG,THGSBD,BCCSGT,DGCACN,RTTATT,KDYCTD,NWACDV,TTWATG,WCANBS",10.0,239.0,21.0,22
16,"CYAAYA,GAHYCA,GAGCCN,YYTTCG,AACGWC,GTSCCC,YTAMRG,TSAAWC,TGCTCA,YAAYTG",10.0,39.0,12.0,13
17,"TTKYYC,AVGGAC,VMTCRN,ACGSCH,YANAGT,TTRSKG,DCCAAM,AAGCNA,ATTSCT,WYACKT",10.0,101.0,21.0,20
18,"TYCTRR,AYSYTA,RCNDAN,TAWGBR,CGRTMD,TANAGY,TGGTNT,AGDHSA,CYMBKK,AGMGTG",10.0,216.0,11.0,18
19,"KTTTGM,TCCYWG,TAVCNR,ACDHGC,TCGAGW,TGCTTA,SNHKCK,MCAMGG,WHTCTR,GNTSGA",10.0,164.0,16.0,15
20,"CTCNKC,HYCCMT,ATGCMT,CAYGCK,MAWGHM,GTKVAC,HKDKAC,GTAVKR,CTKWNR,TCDTNR",10.0,160.0,17.0,15
21,"BGGKTM,TRGACT,ATATAT,NAKAAA,YAKKMR,MGGAGG,GWGTTA,KCGGMR,WTCHYC,TGAGTN",10.0,83.0,17.0,16
22,"AGBNCC,BTCYTC,HGYGTC,KRAGRB,BYSGGG,GMSGKC,CMTGCS,AWGHST,TTSTRM,AGKACD",10.0,98.0,25.0,27
23,"NTMASS,BGTCCG,TGMHCW,YAATCG,CCKGDA,AWTYHC,AWVTMA,TATAGA,CMGCCC,MSBTHT",10.0,118.0,16.0,17
24,"KCTGDS,TNRTKC,CCTWTD,WTRGMN,DAATGT,TCTACD,CYCCKY,GCAYCA,VNCAGA,TGWCCA",10.0,96.0,18.0,16
25,"KCCCCW,ACTTMV,AAWMVR,GTTYDG,TAVCAT,GAKAAC,MSGWYR,CGCGAC,CRWSGK,TACYBG",10.0,100.0,12.0,12
26,"MMACTA,ARCTGW,TCCSMB,WGMAGC,GCWTRC,CHYCTC,GYCTTG,ACCACT,GATGGG,ASRBWC",10.0,62.0,15.0,14
27,"GASDTA,AATACT,CTRSDW,YTTGAK,ATRAAR,BCTCKC,CCMCTT,KYSRGM,CTATTV,VAVCVK",10.0,136.0,12.0,17
28,"GNTAWT,GGTCTK,WNRTSA,RVACAG,NATVGV,ATTYTG,CAMCRT,MCCTNG,KRTCGT,ADAAMG",10.0,108.0,20.0,26
29,"TTWATC,TAYWGR,CHDTBS,SCWAYH,ATAMTM,ATTGMD,TCNTGA,VSANGA,TASTGC,GDRSCC",10.0,140.0,12.0,18
30,"TGCATA,GGABCC,YTHRGA,WRRGCR,MGCCCY,TTTSTG,CGDRMG,TADYTW,DTAAVC,SCAAMA",10.0,75.0,16.0,15
31,"TTCGAC,TTGYKW,KCGHAG,CRTKGY,RATTKS,NGGTVT,CTCCTT,ARYCGG,TAYTCC,TAGCDK",10.0,56.0,15.0,13
32,"AKGWCW,AAABTD,VCCGAC,GBHCAT,AGACAT,AACTCA,GNVAWT,RKSGGM,TGKTTW,ATTTTG",10.0,76.0,29.0,18
33,"MWAYVT,GAHHGR,STAYSG,CCVTKS,CKTTAT,CNTCRA,TMKGAA,TAWGGY,TGYCAC,ASACGV",10.0,88.0,15.0,16
34,"TGAAAC,TNGAGA,SNSCCY,SWSGAC,RGTAYT,GGATTV,AGCYYC,WAAKCD,ACSCAT,YCBTCS",10.0,82.0,17.0,19
35,"ASTGDA,ACDKHT,AGATBR,SATSTC,TVAARC,VYGTYC,CWTCAT,GTKABK,WVGWDA,CTCBST",10.0,108.0,16.0,19
36,"MGGGGA,AVGCGA,TAWBCK,CAAGAG,CTTYTA,TACWCM,GCTTGK,ACHSTG,CDVCTD,GATAGR",10.0,61.0,14.0,18
37,"ACTTTA,TCATTC,RYTYAW,KCHTAC,KGMGGK,TGHAAC,GRGSTT,AGHATT,MBMCBB,TAWCTT",10.0,152.0,14.0,16
38,"WKTBMV,RATSRT,TMYYDH,WTHTKS,CBAYGM,NTGDWS,TCGACB,YVGNGA,ATSCTA,CGGVWY",10.0,277.0,13.0,25
39,"BVGYKG,HCCTCA,AKMTTG,NCDATT,CTTNAA,AHBRCB,CWVSTA,GBTACB,AGGDGK,MCGCCC",10.0,142.0,22.0,24
40,"TTCCAD,HCDRSR,WAHTRT,TCYTTA,GMTSWT,NCGHDT,KARAAA,CNMAGY,CGKVGA,WGBGCS",10.0,171.0,20.0,22
41,"TCGTGK,TTSTTC,ACGCCT,AMMVGC,TYTTTT,TTTTBA,TGSACG,CRGGTA,GWTACG,TCTRCC",10.0,30.0,13.0,13
42,"CSAWVH,ACTKTB,RTAMCA,KSGTKG,ACGTST,STWRGC,STWRTT,AGYCBC,AATTAK,CATAGG",10.0,81.0,14.0,12
43,"GACSCC,CAGCCS,BTCTKY,RWTGRG,CKAADH,CYTGRT,GTRYRH,GARCAM,CGTTCW,TBCRCK",10.0,88.0,13.0,12
44,"ABNNTR,CYRTYY,KTAAHA,GAGTGT,KTVHTT,AHCTGH,GCKSTS,KGMSCT,ACATCY,TTSCAK",10.0,168.0,14.0,19
45,"SSWYCD,TTCKBG,GAKAKD,TKMCHG,CTDYRC,MYCCCG,TTTTGT,TAAMCS,VARAAA,TCACMN",10.0,113.0,17.0,17
46,"VCCTVA,WTACAG,GTTASC,CGGCAH,ATSAMM,NCCVCA,CCWMVC,AAGTGC,GTYART,CCTAHG",10.0,56.0,15.0,14
47,"CVGYSC,AWKKGS,TGCTAT,RAGYTY,STMNTB,AGTTWR,ACGYAB,SGTWTV,TTTGGY,ATTTTW",10.0,111.0,18.0,16
48,"GAAWHS,YATCKC,GTGRTY,WWKTAT,ACAGYS,DACBYW,YCGRTS,YASWTC,YMTACC,TMATMG",10.0,92.0,18.0,21
49,"ATGYGC,TTTRGT,ATKDAN,TKYBHY,GKKACG,CGTYGM,ASGTAT,CTRCCC,SCWGRT,HCMTAC",10.0,126.0,14.0,11
50,"TSRTTK,AWATGB,TCGMVK,CCCCTG,TCAMGT,ATYCAN,TTCWGK,GGGGGW,SADYTS,SCCRAN",10.0,83.0,13.0,15
