poolsize,oligo_length,pool,compressedsize,time
100.0,6,"AGGAKC,WACATT,AGGTGA,GGGGTG,ARCGCC,CATGTG,AATGAT,TTCRCC,CCATCG,GGCAST,CCTMCC,GGCCTA,GGMTAA,GACWAT,ACTKGA,AGATGG,ATGTAA,ACCAGC,CGCTAC,TTACGT,GGTTTG,GGAGCG,ACGGTC,TATATC,GGATTC,ATGTTT,GYTAAC,CAGACA,CAGCAG,AAAGCA,ACTCAT,CTATAA,ATACGC,GTAAGC,GATCAA,ACTCTG,AGAAGT,TAAACC,CACTGG,AGAACG,AAGCCA,TATCCG,AGTCGG,GATCGT,TATTCA,AGCTGA,GCTGTG,GCTTCC,GAAGTA,AACCGC,ATGACG,GAACCT,ATGATA,GAATTC,TCACCT,GCCCTC,CTTTCT,TCGAAA,CGAATC,CGGTCT,GCCGGT,GCCGCC,CCGTGT,TTTGMC,TGCCCA,TTCGTC,CTGAAT,AAAAAW,TTCCCT,CTGAGC,GAGTAG,TCCCTA,AAAACC,TGAATG,AAACGG,TGAGGG,TGAGCC,TGTACC,CTCTTK,GTGTGA,GTGTTC,TGTTCA,TCTTGT,TCTCWT,TCTCCG,CTCCGA",86.0,4.997354041
100.0,7,"ACTAGGG,TCAAATT,GYATCCT,ATGAATT,ACAACTA,CACSGTG,GATACAA,TGGGCAA,ATGGTAC,ACGACTT,CAAGGTG,ATCCAAA,TAAKATT,AGTGTGT,GCCAAGC,GCCTCGC,TCAGTAG,AATGAGT,AATTTAT,ATCTAGT,GGCGGTA,AAGATTG,AGCACAC,TGTAATC,TCCGTGC,AACGGCC,AAGTCTC,TAGGGAA,AGGCGCT,TAGGTGT,GCGCAAA,TTTGATC,GCTTAAT,ACCGAGG,GGGACAC,CGTTCGC,AGGTTTA,GGACCCA,GACGTAT,CTSTACC,GAAAAAA,AGTTTCG,TGACATG,CATCATT,CGAAGGG,CAGCTCT,ACCTCTG,CATTAGT,ACACAGC,CGCAGAC,GGCTAAA,GAACACC,TTTCCAC,ACCTTCG,TTCGCCA,TTGAATT,GCAGTCT,TCGTACA,GAACGTC,TACCAGC,AGCCGAG,ACCAGTG,CGTAACG,CCGCSGA,GCGGTTT,GGGTAAC,TAACTTT,CTTGCCT,CCGGRCT,TCCCYGA,CCTCATC,GGTCGAA,CTGTGGC,GGTCGCT,TCCCGCC,GTCGGGA,TCGAATC,TCGCTAA,CGCCCTG,CCCGAGG,TTGCACT,CGGGCGC,TATTGTA,TTGTACG,TATTTTT,TTTTTAG,GCCCAGT,GCCCGGC,GCCCCAT,GAGCTGR,GCAAAAA,GCAAACC",92.0,5.863147775
100.0,8,"TGCCCGGC,TAATATTT,TGCTAGTC,TGTSATAT,AGCGAACG,GAGCCGTG,AAAGCCCA,TCAATGGT,GAGTGAAG,AATGTGCT,TCGGGCAT,GCGACGGA,TCTATCAA,AACTCAGG,TTCGCCTG,GAGTCGAT,GACTTTAC,GGACCTGC,AGGAAGTC,AGGGGCTC,GTATTGCT,GAAGATTT,AGCTTCAG,GTCCAGCT,AAGATGGA,CCAAGTAT,ATCAACCC,CTCCTGCA,GCGATTGT,AATTGGGT,GAACAAGT,ATGGCTAT,GAACGATC,TTCCCTAT,CAAGCATG,AGCCAGCC,CCAGGACA,TGACGCGG,ACAAGATA,CGACAGTC,AGCCTAAA,ACAGGATT,TAGTTTAA,AGTGGTTA,GACATGAC,TCGTGCGA,CATGTCAA,CGGCGTTC,GGCCCTAG,ACATAGCC,TGCGTCCT,GCCCTTCT,CCGACCAA,TCCGCAGT,AGATTATC,ACAACGTA,ACAATCGT,TCCGTCTG,CCATTACT,CCGCGCCG,CCTGTTTA,GCGCCTAG,CGCCGAAC,GCGTAGAA,TTGAATTG,GGCTTAAA,GCTTCCTG,TCACGGAC,CCGTTGAT,TGAATTAC,TCACTGTA,CACGTGCT,CGTTTTGT,GTTTCTGG,CACTGGTA,TTCTCAGG,TTGCAATA,GTCAAACT,TGGTGGCG,ACTGTACC,GACGGTAA,TGGTCGGC,GGGTGGGA,GTGGGGTT,GCAATAGG,ACTTAGAG,TATCTGAG,ACTAGTTA,CTAGAGGA,ACTATTGG,ATTGTCTA,CTATCGTA,ACGTACTG,GTACCAAA,GTCGGTCA,AGACGATG,AGACGTCT,GGGGCAAC,GGGGCCGT",99.0,10.613799816
100.0,9,"GACCACCAT,CTAGATGGG,CGCAATATT,GATAAGCTG,GACGCATTG,AAAAGTGCA,GCTCTCTCC,GCCGTTCTA,ATAAACAGG,TGGGGCTTT,ACGCCACTC,AAAGAGTGA,AAGATCGTT,CGATCCAGA,AAGGTGAGG,TTACCCAGC,AATGAGGCT,TGCAGGCAC,ATGGTGACA,ATTTGGATC,AGTCAATTT,TCTCATACC,CTACAGTGA,CACCACACG,AGGTCTATA,ATAGCCACG,ACGAACGGC,ATGTGGATG,CCGCCCTTG,AGGGATTTA,CCGGACTAC,GACGTAGAT,CGTGGTAGT,GTCGCTAAA,ACGATCGTG,ACGTTGCGG,CTGCAAGCG,AGGGCGGAG,TAAGTGCCA,TGCTTCTGT,CGGAGCTAC,TTGCGCCGC,AGCAAGAAG,GACAAACGC,AAACTCGTC,TGTCTTTTT,GCCAACCTT,TACTGACAT,TGAATCACC,GAACCTTCC,TGGTAAATC,CGCCCCAAC,GTGGAGGAT,CAAGTAGCC,GTGGGCTTA,TTATACGGT,CCCCAATAC,TCTATCTAG,TTCTAAATG,GCTTAACCG,ACGGGGCCC,CAATCGGCA,TCATCCACA,ACTTCAGAT,GGGCCATAT,TCGCATATC,AACGGATGC,AGTTACTAG,TACTTGGAT,TTTTAAGCA,GCCACACGT,AGTTCCGGA,GCTTTTGAG,CAGCGAAAT,GATCAGTCT,CAGCCAGGC,ATCGGGAGC,GGAGCCTGA,TCTTCATGG,ACTCCTTTT,CTCCAGAAC,CCGGCGTCG,CCTTCGGCT,TTTTTGGCT,CCTAACCTG,CCTAATTCT,TTGGCAAAG,TGAGATCTC,AACCGGTAT,TGGCAACGT,ACCGGGTAT,ACTCTTTTG,CGCTGAAGT,CTTCAACTG,CTTCGCTAA,CGCTGATCC,CTGATTGTA,TTCACATCG,CAACTTGTA,TCACAAGAA",100.0,11.548260819
100.0,10,"CGCTGGTATC,ATCTTCTTAA,AAGGTATGAG,AAATCATAAT,GCCAACGATT,TGCCCATCCA,TGTTCGCACC,CACGACACCG,GCTGTCAGGA,ATTGCTGACC,AAGTCCGCGG,GGGGAAGGGT,AGAACCGACC,GATTCAGTGA,GCCCTAATAG,CACGCGATAA,GACAAGATAT,TGGCCAGCGT,CAGTGGACGC,GGGAATGGCA,CGCCCCAATA,GAGTGCCAGT,TAGGACGTTT,TCAACGTCCA,GAAACCGGTG,CAGTCGATAA,TCAGCGGAAC,GATATTTTGA,AGGACTTATG,ATAGCCTAGT,CCTTGTCCAG,GGAACACTGG,CACATCAACA,CACGTCGTGC,TATTCATCCT,AATAACCGCT,TGAGCTACGT,AATACCAATC,AGTACGAATA,AAGCAACTGC,GGGGCGTATA,AGGTCCGGTG,ACTTAGTATA,CTTAGTTCAG,AACAGGCACT,GTGCTATTAG,GGTCTGTTTG,CTGTTTAGCT,AGTGCGGGCC,ATTAACGGGA,ATTATGCACT,TTTAGCGTCA,TAGTGGGTAG,CGTCGCCAGC,GTTCTGTGCT,GGTAGGTACA,ACATACGAAG,CGCGGCATCT,AGCTACCCCC,TACCTACCTA,TTTGCTTTTA,TCTGCACTAT,CGCAAGCCGC,CTCGATGTCG,GGCACACTCC,CAAGCCGACT,TTTCCAACGT,GTCTTTCAAG,CTTGTCGCAC,CGACTCCTCG,TCGTCGTTGC,TCGTTCGCGA,TTTTTTGGTT,GGCGAACCAA,TTCCCCAATA,TTCCCTCCTG,CCCTCCAGAG,CGATGTACAG,TGTACAATCT,GACCAGCGGA,GTAATGTCCA,GGAGGCCTGC,CCTGAATCCT,CCGGACCTTC,CGCGTAACCT,CCTCTCCTGA,GACCGCGAAT,ACCGCAACAA,TCTCGGGCGT,CCGGTGATGT,CGGACTCGGG,AGCATCATCG,AGCATCCTCA,CTCTCCACTC,ATCCACTCCT,ATCCGTAACG,GGACTGAACT,CAAACCGGAA,CAAACTGGAC,CTGGAGATGC",100.0,17.889329334
100.0,11,"GAGACGAGCGT,GATCGGCTTGA,AGAGCATTCCA,AAGGGCGTGTC,TGTCATAAGCC,GTGACAAGAAA,AGACGTAGCGC,GGCCGCTCCGC,ACAACCTACTC,GCATCAGCACG,CATAAAGCAGT,GAGCGGCCTCA,TTTGATAGTGG,AACTTGGACAA,ATTGGAACCCC,GCTGAGCTGGC,TAAGCACATCA,ACATCCAACCT,ATGCACCTAGT,ATACCTTTGCT,CCTGCGAGTCT,CGAGTGTATAG,CATATCCTCAG,CAGCGCATGAG,TAACCAATGTC,TTTGCTATAGC,CAGTATTCGCT,GAGTTGAATCC,AGGCGCCCTAG,ATGATAGAATA,GGCTACTGTAC,ATGTGCAAGCA,TACGCGCTACC,CCGCACCGCAG,TTCGTGGTAAT,CCTCCCTACCC,TGGAGTTGCTG,GTGCGCAAAGA,TACAGTAGCTA,ATCAAATCAGA,ACTCACTCCGT,TTGCTCAATGG,GCAAACAGCAG,GCAGAAATGCC,GTAGCGAAAGG,TAATTCTCGCT,AATCTGTGGAG,AACTCAGGACT,AACTCTGAACG,TAGTTTATTAG,GCACTGAGGCA,CGTTGAGGGAT,ACCTCAAACGC,CTGCCATCATG,GTTTAGGCATA,TCGCTCTTCCT,CCAGCAGCGGC,CAGGTAGGGGT,CAGCTCGGCAA,AGGTTGAGAAG,ACTGCTACACT,TTGGACACGAA,TTGGCAGGACG,CTAACGCTAGA,CCGTCAAGCCA,ACGCTTCCAGA,CTTCTACGGTG,TTCTATGGGGG,ACGGCACCGAT,TATTCCCAATC,TCTCGAAAGTC,TAGGTGTACGC,TAGCGGGTATC,GTATCGGGGTT,TGGACCTACTG,CTACCCTAGTC,AACAAGATAGG,NNACCCACACT,AGCGACTGGTA,CCCACTCCTGC,AGCGGACTGGA,ATCGGAACAAT,CCTACACCACG,CTGTGCTATAA,GCTAGTAATAG,TCTCCCGTTCC,TCTCCTATTTA,TCCCGGGTTTC,TCCTAATCGAA,GCGTACTTTTT,GGTTTGTACAG,CTGTAAAAGCA,BMGTTAGCTAA,CTGTACCAGTC,TTTCCGCCGTT,TACCCGTCTGA,TTCCGTAGGTG,GTTTCAGAGTA,CGGCGGTTACA,CGGCGTTTTTA",100.0,32.551091673
100.0,12,"CGTAGTCTTAAT,ACGTCGGGGTTG,GTCCGGAATGTA,GATATGTATGCG,AATTCGTTCTGG,TACTGCAACACA,ACACTGACGAGT,GACTCACAAGAT,TTCCCAGTATGT,CGTGGTAAATTT,GATTCGAAACTA,GGACGTTGAGTT,TTCGGATTCCAA,AATTCTATATCC,GGTGAGCACTAA,AGCAACCGGTGA,AGCACTCGGATC,GAACATAGGATC,GGTGCCTATCGT,ATATACGCGCAG,AACAGGACATAA,CCTCACAAACGG,ACGCAGCGCCCA,CGTGCGAGCGAG,AAATACTACCGA,TTCGTTATGCCC,ACTAGCTATATC,ACATGGATCGAA,TCGGTAAGTAAC,AAAACTTGTAAG,AGCTAGCCAGCA,CCAAGTCATGGG,AGAATCTGGTTC,CATATGTACGCC,CTCAGGCGACCC,CGACCGCGCTAG,GGGAAAAATACC,ATCATGAAAAGG,GTCAGCCTGGGC,GCCGAGGGGATC,GCAAAATCTACC,CCCATGCAAGTA,CATGGCATCGCA,ACTTTGTGATTC,ATCGTCTGGCTC,ACATTCTCACCG,ATCCTATATGGT,CTCTGTGCCTAT,TTGTATCATTAA,GGGGTCAACCCT,GCCGGAGGCTGC,TTATATTATGCC,TTCTAGGCGGAG,CATTAAGCGTCT,GCCTCCGACGGG,TCAACCATCTTG,GTGCACAGCGTC,TCACATTGTCTA,AATACAGAGGGG,GCACGGCTCGTG,CGGCTAAAATCC,TCGTATTACAAA,AAATCCAATGGA,AGGCTAGAGTTG,CTAGGGCCACCG,TAAATGGTAGGT,GGCTCTAACCCC,CCAACCCCCCCC,TCGTCGCAACAA,TTACACAGAGCC,ACTTTTGGCTTT,CTGACAGACTTT,TCGTTTAATAGA,TAAGACAGGTAC,TCCACAACTTAT,AGATTGGGTAAG,ATTGCTTCAAGC,TTTTAGTCTTCG,TGCTTATGGGCC,CAGTGCCATACA,GTCCTTGCAGTT,AGTCCCTGAGTA,TCCCCTGGTTCG,TCGCATTCAATG,CAAGATCACGGC,TGTTGAAAGATT,TTAGTCGCGCCC,GCGCAAGGAACC,GCGCCTGGGATC,CTGTTAAAGGAG,CGCTAGAGATGC,TCGCCCCAGTGG,BSGCTATTTAAT,CTATCAGGTCGC,TTAAGAATTTAT,CCTGTTCTGAGA,GGTTGCCGGTGA,GCCCTGGTTTGG,GCCCTGCGTCTT,CCTGGGCCCAGT",100.0,33.103165816
100.0,6,"ACCTAC,CCAWAC,GCACTC,TGTSCG,CACGAG,AKACAG,ATAGAA,ACTATC,CGTAAC,GAGRGC,CCTAAG,GGGGGG,ASGTCG,CCTCCA,AACAAG,TCCAGC,AMATGG,CAGGTT,GACGAT,TGTCGC,GAGYTA,GTTCGA,GAAATT,CTCGCC,CSGGCC,AGGACT,GCSAAT,GAATCT,TCGCTC,CGCGCT,GGAGCG,ATACGG,GCCCAA,ATTATC,ACTCAG,GTCTTG,GAGTCC,CAATMC,TTGCGG,CGTGGC,CCCGCA,CCCGTT,CCGAGC,TAGAGA,ATTCAA,GACTGG,AACGTG,CTTCTG,TTCAAT,TTCTAC,GGTACA,TCTAGC,TAGGGT,TAGTAC,ACATCT,CTGTAG,CATCCT,ACGAAT,GCCTTC,CCTTAC,GGCCGG,ATGGCA,GCCGGA,TCTGCC,TGATGT,TGATTA,GTATCA,GCTATT,TTAATC,GGTGGT,CTAACC,CTATGG,GGCTTT,GTACGT,TACATT,GTACTC,TGGACT,TATGGC,CGGCTW,CTTTAT,TATCTG,TAACAC,TAACCT,CTTACG,CTTATA,GTGGTS,TTGCCC,TTGCTT",88.0,4.649226146
100.0,7,"CAGGTCC,CTAGCGG,TTTGSTG,CTACCTA,AGGTGTC,CATACAT,TAGAGAG,GATACTG,TCAGAGA,ATACGGC,GCTCTTA,CCTTAAG,TGGGCCT,AGGACGG,CACGCTT,TAAGAAG,AGGATCG,CTTTCCG,TTGACTT,AATGCGC,GTACACA,ATGACTC,GTATTGT,GAGCGCG,TTAACGA,GGTTYCA,TACAATC,CATCATG,TGGCATC,CGTGCAA,ACARATA,ATGTCTA,TACAGAT,TAACCAC,AGAATCA,AGACTCC,ATTGTCT,GTCATTA,TTAGTTC,TAGTCCG,TAGCGGG,ACAGAGG,ATTTGAA,GTGGTCC,TAGCTGC,AGCGGTT,CGTCCAT,AACATCT,GTCCCGA,AGTTTCT,AATTCAG,CGCGACC,GGTTCTG,TTGGTAG,GACTTAG,TACTCCT,GTTCTCG,TACTTGA,TGTTGTT,GTTTTCT,CTGATGA,ACGCGCG,CGGACGC,TTCGGAA,ACTATGA,TATGCGG,GCGTTCT,TGCGAAC,CCCCGAC,TCTCAAA,GAGTAAA,TGCCGCC,ATCTGST,TCGCATT,CTCCTGC,CGCCCGT,AAAGCCA,CAAATTT,ATCGGAT,GAGTATG,GTAAACT,CTGTGTC,ATCGCTT,CCCGCCA,CCCGTGT,TCAAACA,CAACGCC,TCAACGT,CAACTGA,TAAAAAC,TAAACGC,TAAATCC,AACTGGC,AACTCAT,GATGAGY",95.0,7.145176714
100.0,8,"CGGCACAT,AAAGAGAG,AAGGTTTC,ACTCCTCA,CTCCAAGG,CTACCCCA,ACCATGAT,CCAGAGAG,GGCCCAAG,GGCAATAA,CGTAGTTT,TTGTGCCA,TGATGACT,CGTACGAA,GTGGCGAA,GTAGCGGG,AACGATTG,CCAATATA,TACTGTTG,TCTGGAGC,AGAAGCCG,CGACCGAG,CCACTTTT,ACTGCCCC,AGAGCAAT,AGGTGCGT,CCTAACCA,CTGGTTAA,CGGGGAAA,GGCGAGAC,TAACCGTA,CAGCTAGG,AGACGGCA,GGCTAGCT,GAAAACTT,TCTCGGCC,TAGAAACT,ACTTTAGC,CATCGGAT,ATGAGTGG,TCGGGATG,TATCCGCA,CTGCAAAT,TTAGCTCC,GTGCCGCA,GTGTACAG,ATGCTAAT,GGAATTAT,TACAATCT,TATTCACT,ACCTTTCA,GATTGGGA,TGCACATT,CCTGACAC,GACATGTA,ACGCAGCA,TGACAGTT,GATTCTTT,CAGTTGGG,TGACCCGA,GTTCCGCC,GGGGATTA,TGGCACAT,CATCCTTT,TGGTACTG,GCCAAACG,CTATTTGT,CCTTACGA,TACGAAGC,ATCCGCCG,GCTATTCA,TTGGAGGT,CCTTCGAT,TGAGATCC,CCGCGGTC,GAGATGTG,GCACGACA,GCACCGAT,TGAGGGTA,TGCTGGCC,AACGGTTT,GCCGAGGA,CGCTGTGA,CGCTTACG,GCTGTCAC,ACATTCCT,CCGATGCA,TGCCCCTT,TGCCTGTG,CAAACAAG,CAAACGTT,ACGATGTT,ACGATCGC,CGATCGAT,ATTGCGAC,ATTGCCGT,GATTTATT,GATTTCCT,TTTACATC,TTTCTGAG",100.0,10.540649991
100.0,9,"CGATGGCTT,GAACGCCCC,TGCGGGACC,GAATACTCT,CTGGAGAGT,TGGACTACT,CGGCCCGCC,AAGTAAGAT,GCAAGCAAG,AAGCTCTCG,TCAGGCGGG,GTCCCCGGC,GACAGATTC,AAAGGTGAT,AGGTGTTAG,GGGCATATG,GCAATTTTT,TAATTATTG,GACTTAGAC,CCTTACTGG,GCATGAAGC,ACGTACCAT,TTTTACATG,TGCCCTCGT,TGGTCTGCT,TGCAGAAGG,AGAAACTGG,CCATGCACC,CAGAGGCAG,GTTTCTCAG,CTTCGGGCT,GCATCAGTT,ATAACTAGG,AACGGGGGT,TGGTTATCT,TCTAAACCC,ACGTCAGCC,GGCCCACAC,CATCCTAAC,TGTCGCGGC,GAGCCCATC,CGGGTATTG,CCCAAATTC,TACTGTGTT,TCCTAACGG,GATCCAAAT,GCGAAGGGA,AACTGTACT,GCACTTGGA,TCGAAACAT,GAAGCCTGA,ATCTATAAG,ACTTGATGG,GCATTGCTT,CTCCCTCTT,GTACTCATC,TAGCTCAGT,GAGAGATCT,TCCACCTCC,CTCTTTCCT,CTGTTAAAC,GGTTACTGT,TAGGAGATC,CGCGTTATC,AGCACTATG,GAGACTAAG,TTGGGTGTA,CACTATTCG,CTAGGACGT,ACAAACCGT,ACAAATTTA,AAATAGGCC,AAATGTAAA,TGTTATGTG,ATGTGATCT,GTTACGTTC,ATTCAACCC,GTATGCACT,TGCTGCGTT,GTATTATTG,TTATGCTTT,NNACGGATG,ATTATCGCG,ATTCATTGT,TCTGATGGT,TCTGCTGTT,TGCTGTGGG,TTGATTGAG,ATTGAGCAA,TTGCTAGCT,AGCAGCAGT,CACGGATTA,GCTAGGTCG,GCTATTTGT,TTCGCAGCT,TTCGCTGAT,CAGCGACTC,GTCACTCCA,GTCATGTCC,GTCATCTTG",100.0,18.505100982
100.0,10,"CACGCTCTGA,GGAGTTATTG,GGGCAATGAC,AGCCCAAAGC,GCACTCCAGT,CGTCCTCAGG,GTCGAGAAAG,CCGGTTGGGC,GCCATGTCCT,ATAAGTAGGA,CATGAGCGAC,ATTAATCACT,CAGGACCTGT,ATGCAGGCGG,GCGGTTTCGA,CATCGGGGCC,CCAAAAGACG,CAGCTAAGTT,CCTAGGTTGG,TGCAATCAAC,ATCAGGCGTA,CTCGAGCGAG,TAAAGTACGT,GAACTTATGC,GTCGTGCCCG,GGACAATTAT,GCTTTCCATT,TAAGACGGTA,ATTGAAGTTT,CCATTCGCGC,GTAGATATAG,GGCGTGGAAA,GTGGCCGTAG,CATCTTTTGT,TACGGGGAAA,TGCAGCGCGT,CGGGTATAGC,ACACCGTGTC,TCGCAACCGA,TCCGAAGCGC,GATATTGTTT,GCCCAGACAA,ATATGCTGTG,CGTGAACCAT,AAAACGCAAA,GTATAGGTTG,AAAACCGCAT,AGATCTGCCA,CCGCGCAACG,TTAGCTCGGG,CGCCCTGTGA,GCTGGCTTAC,AGCTCAAGGT,GTGGTCTAGC,CTAAGCAACT,GCTGTACTAA,ATACCYTCCC,CGACGGATGT,TTGACTCGTG,ACCTGGCTTA,TAGATGTGTA,CCCAGTCCTC,ATACAAACGC,ACCGTACGAG,CCTCAAGAGA,CGACGCCTGT,CAAGAGCTCC,AAGTACTTGC,TGTGTAATTC,GGTTGAGCGT,TAATTCGATG,AAGTGTTGAT,AGAGAAGTAG,TACACTTTCC,ACGGCTTCAG,CGGCTCGCAC,TACCCTCTGG,GGCTCTAACG,CTAACCCCGT,CCTTCTACAG,CCCCTTACCA,CCCTGTCCCT,CTCTGCTCTA,CTGCTCATGC,GACTTTCTCG,NVACTACCGT,TTCGACTACC,GACTACAACC,TCTGATAGTA,ACGGTAGCTC,TAGGCAGGCT,ACGGTTTCCC,CGGTTTCACT,TTACATAGAG,ATAGAGTTCG,TTTCTTCAGG,CTTGAGCGCC,CACTTGGGAC,CACTTTAGGA",99.0,24.240209244
100.0,11,"GGCTCTCACTC,AGAAATGGCAC,AGCGACCCGTC,TCTGAGGTCTC,GATATGCTGAG,GAGATGCGCAA,AGCTGTGCGGT,CGTACTCCACC,AGGGGACTTTC,GTACTCTCTTC,ATAGTTTGACG,ATATGGTTGAG,TCGCATTATGG,CGCGCAATGAC,TTTTGATTATG,CGAAGTTAGAA,TCGCCGCCAGC,TAAGGACTTCT,CGGTGAAACAT,CGGTCGAGGTT,AGGTTGTGACC,AGCCATCTTGG,TCTTATCGTGC,GCCAACGAGGC,GAAGTTGTCTT,GGGAAGCCGAA,GGGATCGTCAA,AATTTGATTAG,GTTAGAGTATC,ATTATGAGTCT,CGTGAGAGCTG,CGAGCTACAGG,GTGGGAGTTGG,TAATGTTAATC,TTTTCTCAAAT,TTCATGGCACT,TGTATACTAAG,CGTCGGAATCA,AAATGAAGCAG,GGATCCAGACA,CTCTATGCGCC,AAGCATGCCCT,ACTTGATTCGA,TCTAACGCCGC,GCCGACGGCTG,GCCCCTGATCA,CAAGGCAAAGA,CAGATTGGTAG,GACGCCTATCA,CCTGGTTCGAA,TAGGGCGTGTA,TCGAGATACAA,AGATGTGGACG,CTTATGTAAGT,TGCCCAAATTC,ACATGCTGGTA,GCCTCGGGTTC,CCTGTCCACTG,ATCACTACACT,GGTTTAATACC,CTGACAATGCG,GCCTTACAGGC,TCGGAACTTTT,AGACGCTCGGG,ACGCTCCTGTG,TTAAGAGTTTC,GTTTAGTGGAA,GTGTTCCACTC,TAGAGCACAGA,GACCTTTCAGC,CCTCTTTATCC,TTATCTACCTC,GCGATGAAATG,CTAGGACTGTT,ATGAACCATGT,ACCGATCAGTG,CTCCCCGTGCC,ACACACGCGTA,GTTCCCGCCTG,AGACCAGGACC,TATCTCACAAA,TCTCAATCAGC,TCAGTATACTA,GATCAGAGGTT,TCCACATCCAT,CCACAACCATT,ATCCGAGACCT,TAGATAGCTGT,AGATCCCAGGA,GCTGCTACTGG,TAGATCTATCA,TCTAGACCGCC,TCTAGCTCCTA,ATTGACCTCAG,ATTCGCGTTCC,CTCAACCTTTC,ACCTCACCGAG,CTCATACACCG,GCGATTGACAT,GCGATTCAAGT",100.0,39.264552889
100.0,12,"CATAAGAATGTA,CATCGTCTTAGC,ACCAAGGAGGGA,ACGGTATAAGCT,GGCTCCTCGCTT,CACTCCGTCCTT,CCCAACAAGCGG,CAATTTTGCTAC,AACAGAAAACCA,GATATGGGCGCT,AATATGCTGAAC,GGGACAAAACAG,TACAGAAAGGTT,GCGGAAGAGGGC,AAAGTAAGAGTT,CACAAAGATCAT,AAACGTCCCCGC,AAACTTTAACGG,GCGCAACGGGTG,CAGACTTGTAAA,TGGGCGGATCGG,CCACTGATCCTG,AGTATCGGACTA,CAACCTATCTGG,ACAATATTCATG,GCCCGTCCTGCT,GCGTAGGAATCC,CACGAATGACCG,AGGTAGAGTAGA,TATCGACACTTT,GATGCTCCCTGC,ATTGGCTTCAAG,TTTTTAGCGAAC,TCTTCAACCCCT,CTAGAGTGGCCA,AACTCGTAATGA,TTGGCGGGGTGC,TCCGATCTCTAG,TGGATCCTAGGG,GCTGAGATTATA,CCTAGGGTACAC,CGACGGCAAAGA,CGTATATACTAT,ATTTAAGACTGT,AGGTCAGTAAGC,AGTGTTCTAGAT,ACTAACTATAAC,AGACGGCCGGAC,CTCCTGTCTGAC,TGCCAAGGAGAT,TGCCGCATACTA,CTTTCTGGGGAG,ACTTATGGACGC,GACGGATCCAGG,CTAGGACAATTT,TAGAGGGTGTCG,CTAGTAATCATC,TAGACCGTAGAC,GGTGGGGGCCGA,AGAGGGATGAGC,AGAGTGCGAGCT,GGATAATTTGGA,AACCCCATGCTA,ACTTCGTGCGAA,CCATGTGCGCTT,AACCTGCTTCGA,ATAATTAATACA,ATGTGTCCGCAT,TAATGACGTGAC,TNHGACATGAGC,CTACCCGGGCGA,NNATTCGCCGCA,CCGGGTCCAACA,ATACACCACATG,ACACACGCGGTC,CCTGACGACATA,AACCTCGTCATT,GATTTCTGCACC,TTCTACTTCATA,TTCATATACGAC,TACAGTAGGGAA,CAGTAGATTGCC,AAGTATGTAATT,GTAATAGCTCGC,CCTCTGATTAAA,GTAGGTGACGAC,AATGAGCTACGA,GAGCTCGCCGTT,ATGACTTTTGTC,TGTCTAGGGATC,CCGTCCCCTCGC,NMGAAGAATGGA,TGTCTTGTTGCC,CCTGTACGATCC,CCTGTCCTTCGA,GTACGTCCTCTT,GAACCGTGATAG,GAACCGTCGGAA,CTAAGTACGAAT,CTAAGTTTATTA",100.0,62.96014644
100.0,6,"CAGTTT,ACACAA,ACKTAT,GCGGCG,AATMGC,CGCSTG,TGTGAT,GCGCGC,AGACTG,CTCGGG,ATCAAG,CGAACC,GGTTKA,ATTCRT,GTCATC,TTGAGA,AACCGG,TTTAAA,GTGGCA,CGTTGC,CATGKT,ACCCGT,ATGGAC,TGTCTC,TGGACT,TGGCAC,YGGTCG,TCAAAC,GGAGTC,GGCCTA,TCACCG,GTCTST,CGCTTA,GACKCT,TCATCA,AATAAA,CACGGA,ATAATG,AGCGAG,GCGTAA,GACCGC,GACTAC,CTAAAA,ACTAGA,ACGGCG,ACAAAG,AAAGCA,ACAATT,CCATTA,CATATC,CATCTG,ATCTCT,TCCGAA,GRGTAT,GAGTCC,TCTGAT,TTAACT,GGGTCA,ACGTGA,TTATTT,ATTCGA,GGTGAT,CGAGCG,CGGGAT,GTGATT,GTCCAC,GCTGAC,CTTCCT,CTGATA,TGACGT,CTGCCC,TAAGAG,CGTGCT,TGCACT,TAATAT,CCGGTC,TAGCTG,AGCTTT,GCTTGG,GCCTGA,GCCGAT,GCCGCA,GTAGCA,GTACAG,CGTARA,CGTACG,GTACGT,CCGTCR",88.0,5.273400178
100.0,7,"ACTTTGT,ATCTAAC,CCCGCCT,CACCCTG,AAAGCCA,CGCGCGA,GCGTTGT,CAGTTTA,TCTACCA,ACCGTGC,TAGGCAC,CGMGTCT,CCCCTAC,AAGSACG,ACCTCAA,AGGAGCT,GGGTTGC,CTAAGCG,ACGAAGA,ACGTATA,CGGGCTA,CCGTCTT,ATAGAAT,TATGATC,TATGTAG,AGTCTAA,GTCGACG,TCGATTG,ATTGAGT,CGTTGTA,TTGGTAC,TCTGCCG,GGAGRGA,GAGAGTG,GAGTACG,TCAYGAC,TTCACGA,GGTGTGT,AGCAAAT,CTCAGTG,AATTAGT,GTTACCC,GTTCTTG,GGTTTTG,ATTAGCG,TCTCTTA,ATTCGTC,CAAGAAA,CAAGCAT,TACATGG,TACCCGA,CGGCTTA,TTAAATA,TTAATAT,AAGATTA,ACAGCAC,GAACTCC,TAAATTT,AAATAAG,TAAGAGC,GTAGCGC,GAAGAGA,GGCGGTA,CGACAAG,AATGAGG,AATGCGC,CGGTGGT,ATGGAAA,TGGAATC,TGCCAAG,TGCCTTC,ATGGTAG,TGGTCCG,GGCATTA,GGCGCCT,TAGCGGT,TAGCCTC,CCTGATA,CCAACAA,AAGTACA,GGATCCG,GGATTTT,GCCGACA,CGCCGCT,GCCGGAG,CGCCTTG,CCGGCAA,CGAGCGT,GAGGCAG,CCGAACC,CGAAGTA,CCGAGGC,CAGACAA,CAGATTA,TCCAGAS",95.0,6.900694287
100.0,8,"TGCGTTGA,GATCCTTA,CAACGGTT,ACCGTCGA,GGGTAGTG,AGTACTGT,CCACGCTT,ACGGCTCA,ATTCATCA,AACACAAC,TGCCGTAA,CGCCGACA,GTTCTACC,GATTAAGC,TGACGTTC,ACGCTGTC,ACGTCCTG,CATATACT,GTCCCCAC,TAGAGACA,GTGTATTG,CACTGCGC,TAGTGATA,CCCCTGAA,ACCCGTAC,CGTAGGCA,ATCAGATA,CTAGAATA,AGCAAACC,AGCTACCT,AATTGATC,TCGATAAA,AAGCCTGC,ACTGTAAT,TCGCATCG,TGGGAGAT,AAAACGAA,CCCGAATG,TAAATTTT,CGAGCATC,TGTTAGGG,TGTTGTAC,TACACTTC,GAACCACT,TTGTAAAG,GGATGGCT,TCACASCC,AATATCTC,CAAATCCA,TTACAGTG,GATGGTAG,CTGACCTT,CGCTATAT,GTTGAAAG,CGCAGCAC,GTAAAGTT,AGGAAGGC,ACCTCGTT,CGCATTTT,CCTACACA,AGAAAATA,CTTTACGC,CCTCCAAC,CTTTGGGT,CCAGACTT,TCCAAATG,CCAGGACG,ACACATCC,CCAGGTTG,TACGAGTC,ATTCTGGG,TACGACCA,CAGACTTC,GAATGTGA,CAGGCCCG,CAGGTAGT,TATTATAG,AGGTCTGC,GGGCCGCT,GGGCCTTG,GGCCCTGA,CCCTCTGG,GGTTGATG,GGTTGTGC,CTCACCAA,TCAAAGCG,GAATCTTG,TCTTCAAT,AGACATCG,AGAATATC,TAAGAGTT,TAAGACCC,GAATAGAC,AGAGAATC,TATCTCGT,GAGCGCKC,GCTATCAA,GCTATTGA",98.0,15.107914673
100.0,9,"GTGGTATTC,ATCACTTTG,AACCCTTCT,GTGCAATTG,TCCGCAAGA,AAAAGTAGC,AGCTATGCC,TCACTTGAA,TTTGCATTC,AAGAAGAAT,AATATAAAA,ATCGCCACT,ACTGCCCAG,GCCATGATA,TCGGCCCCT,GGAACAGGG,TGCGATACC,AACTTGTAG,GGGAGGCCC,CAATGTCCC,TCCAGTCAC,CTATGTCGA,GCCTGACAC,TTYTAATCA,AAGCGATTA,TTGACGTTG,CGTTGCACA,TGCTAATTT,TACGCTACT,ATCTGGCCT,GGCCTCCCG,TTCAGTTTT,ACCAGAGAG,CATGAGACA,CCGTGTCGA,GTCTAGTGC,TACTCGCTC,CCGTCAGTG,ACTCGACCC,CTCGACGAC,CTTAATCTG,TAAGGCGGT,CGTTTGAGC,TATAGGTTT,ACGATTTGA,AATTCTACG,TCAGGTTTC,CTACCCTGA,GTTGCGTCA,AGAACGCCA,GATAGTGGG,ACAGAAAGA,AGGCTGAGG,AAGGTACTT,ACCACCCTA,CACTAGGCG,TGAGGAGTC,AAGGTCATT,CGTCGCAAC,ACACACGGA,CGCAGTGAT,ATTACGTCT,TCATGATCC,TCCATGGGC,GGTTTCCAA,TCCTTCGAT,CCATGCGTG,GTAGACCGG,TCGAATTGG,ATGGACGCC,CTTCTGGAG,GATATACGA,GCTTTAACG,CTGGTAAGC,GCTTTCCTT,CTTTGATCC,GGACGGTTT,GGACCCAAC,TTTGATTTT,TTGATACCT,TGATCCCTT,ACCCGAGGT,ACCCCAGTC,CCAGTTCAT,TTCGCGTCC,TTTACACGC,CCATTGGGA,CCACATGCT,AGTTCAATT,CCACGTCCC,GATTTTATG,TTTCGTCCA,GTCCCCTGC,ATTTAACAG,TTACGGCAT,TTACAGAGA,TTACATACG,AGTAGATGG,AGTAGATTA",99.0,17.730503575
100.0,10,"GGCACATGTC,CGCACTTATC,AGGGTCGACA,TTCCACTGAA,TCCATGGAGA,CGTTTTATCA,GAATTGGCAT,CATAATAGAT,GCTTGCTGCC,TCCCTGCTTT,TAGTGATTTG,CCACAACGCA,TTTGACTTAG,TCATCAGATC,TTTTCAACGT,GGTTACCCCA,AGTTCGCTCG,ACCAGGTGGG,CATGATCTTG,GAGAGAACAA,GGGAGCCAGC,TATCGAGCGC,TGTGGGGCCA,ATATCGGATG,TGAGGTGGTG,CGTACAAGTC,AAAAAGAGCG,GGCTGCAAAC,AAAGTCAAAC,CAGTGTCACA,GAAAGGATAG,GAAATGTCGC,TGAGCGTGAT,CTACAGAACT,ATGCTACCGG,AGGTGGCGCC,TTGCCCATCA,AGAAGTACCA,TGTTATGCGA,TTATGGGGTT,CGGCCGGAGC,TATGTACCAG,CAGCTCTGTC,TACCGGCCGT,CGGGGGCGTT,ACCGGCTCCA,ATTGAACCCT,GATTCGTATC,TTGCTTTACT,TTACTATTGG,GTTCACACTT,CAAGATCGGT,CACTAAGCAG,GATGTGTGAT,TAGATCGGGC,TAGAGATTTA,AGTCACGATT,CCAGCGTCAG,ATCTGGATGG,TACAAGAGTT,GATCGCCTTA,CTTGAACTAC,GNNACTCTCA,ATGTCGTGGA,GCGCAAGTAA,AGAGTGCTAA,ATGTTAAGGA,GTGCTGTTGA,TTCAAATCGC,CCTTGTCGGT,TCAAGGAGCT,AAGGAGTATC,CTATAAACCG,TCTTTCAGTA,TTGTCTAGAC,AACGATGGTT,TGTCTGTTGA,TGTTCTAGCC,GAGTCGAACG,TAAGACAGGG,TGCTGGGGCC,TGGGCCGGAT,TGGTCTGATC,CTAGAGACGT,GTTTCTTTAA,CGAAGAGAGT,TTTCTGGTAT,GCTGCAGAGA,GTTGGAGCTC,GTTGGCGATC,GGAGCGAGAG,CTCTGCCCAA,AGCTAACGAC,AGCTCTGCAC,CTAACCCCTC,GGCCATACAG,TGCAGGCCAC,AGGCCGCGAA,GGCCCTGTCA,TGCATCTATC",100.0,22.07920905
100.0,11,"ACATTATCTGA,CTCATGGCTCG,TTGATCGAGGG,GGACGAAGTGT,AGTCGAACCGA,GCCCAACAAGT,CGTTGGGAGCT,TGTATGGTGTG,CACAAACGCGT,CGAAACTTCTC,TAAAAGTTTCT,GGGCTTGTTGG,ACGAACTGTAA,GACTCCATTAA,CGATCTTTGAA,GAAACACCAAC,CGTCCGTCGAT,CTATTGGTAAA,TTCACTCGGAA,CGGAACAATGG,TGACCCTTAGT,GTTGGACTGAC,TTTAGTTCCTA,GATCCTAGGTG,AACCGGTCCGT,AGGCGTGGTTC,GAATCTCCGTC,AATCAGGCAGG,GACTTGCCCCT,CGGTAATGAGG,GCAACGTGCAG,AACTGTCAGGC,AACTCTGGCTA,GGAAACCAGCC,AGGACCGCGTA,CACGCATGCCG,ACTTCTCTCCG,CTTACCGTGAA,CCCACCTAAAC,CGTGGATGCGG,GGATGTAACGA,ATCATATGTTT,GGATTTAGCGT,GTAGTTACGTT,CTCTTCAGATT,ACCCTCCGCGT,CGTCTTAATTC,CCGGCACAAAG,AGGCTGTGTGG,TGTTTCAGGAA,GGCTTTCCACA,GCTGTACTTAA,TCAGGAACGCG,CCAAGCCTAAA,CCTAGCTGCTA,AGTAGATGATT,GTATTTCCCCA,GTGAGCCCTGG,CTGCGGGAAAA,AAAGTTAGAAC,ATAGGTGGGTT,CTGCCAAAGCA,TGCTATATCAC,GCCCCAAAAGC,AAGCAATACCG,CCACGATAGGA,CACCCATATTA,CCACCAATAGC,CCGTAACAAAA,AGTATCCGCCT,ATCCGGGTAGC,GTTATGTAGAA,AGATTTCCGGT,TTCCGTAGGTC,CATAGGAGTGA,CGTAGCAGTGA,TATGTCTAGCA,CCGGGTTTAGG,CGGGTGAAATC,ATGTACGCCTC,ATGTCTTTGCT,CCGTCAAGGAG,GTTTACCGTGA,GTCTAGTAAGG,GTCTATCTCCT,TGCTTCCAGAC,TATTTAGCATG,AAATGGGTCGC,TATTTGCAGAG,AAATGGTTATT,GTTATTCGCAA,ATGGTGCTGAT,CATAAGGCATT,CATAACGCGTC,GTGATATTACA,GTGATGAAATA,TCCAGTAGGAA,TCCAGTGATAG,CGCCGGCCTCG,CGCCGGTTCTA",100.0,59.40873211
100.0,12,"GCGCGGTTCCCC,TTTGACTGCTAC,AACACACGCCTT,CATACATTCTGC,GGATAGACGACG,TGCCAGATGCTC,CCGCACAGCTAT,AGGCTATAACTT,TCTACTCGCATT,ATCACTGCAAAC,TCAGTGTGAAAC,TCCTAAATCTCC,AGTAGCAGAATA,TAGCGTCACCGG,CATATGTGCGAA,TCCATAAAGAAA,AGTACGAAAAAC,TGTGATGGCGTC,CCCGATTATAGC,TCGACTAGTTTT,ACTAAGAGACTT,CCGGCTTTAATC,TAAGAGCTGGAA,TATGGTCACGGG,AGCGTTATGCTT,CCACACTTTACC,TATGCACTTGGC,TTGTCTTGAAAT,CTACAGAACTCA,AATTGCTGACCT,AAAAGCATTGTA,ACAGTCACTCAA,TCGTACATGAGT,GTCTCATAGGAA,GACCGGGCTCGG,ACCGGGAGGTTG,AAAGATTCGGAT,ACGAATGTTGGG,CTTATCCGGTGC,AGCAAATAGGTG,ACGAGGGGGAAA,CATCCTGCATGT,CCGATAGTGGGC,ATCCGCGAAGCT,TCGGTCGCCGAG,TGAGCACCACGC,GTCTTAACGGTC,GTGCAGCTTGAA,TGGTGAACGGCA,CGTGAGACGGTA,TGAAATTTTTAT,GACCCCCCGGTC,ACAAAATCGTGC,ACATGAAAATGC,ATAAGTCCAAGT,CCGGTCAATACG,AGTCCTGGCTCC,ACATGCGGTGCC,GATATCGATTAA,TCAAATCATGCT,TCCCCTGGTGCC,ACTCGCAGGGCG,GTGCGGATCGTC,ATGCCGATACAT,CCCAATGCTGCT,ATTTAGTCGCCA,GTGTTTCGAGGA,GGTGTGGGAAGC,CGATTGTATTGG,TBNCCTCTTACC,CCTCCCATTCTC,TTCTCAATTTAA,CTTGGGCATAGT,CCCACAACTCAT,CTCTTGACACCT,ATTTTTTTACCG,CCATTGAAAAGG,ACCAAGTGGTAG,ACCACCACGCGT,ATCTGGCGAGGC,TCTGACCAGGAT,CACCTCACGTCG,ACCATCTGTGTC,CATCTCGCCCTT,TCTGGGGAGCGC,CTGGGAAGCAAA,TGAAGCTTTCGG,GCTGTTGGTCAT,TTGGGTCACTTG,CTGGTAACTTTA,GTAACAGGTTTC,TGGTTATATAAT,TGGTTGACGGGA,TGCAGCGGGGCT,TGCAGCCTACAT,GGGGCTGTCAGC,GCACAAGTGACG,GCACAATTCCGT,GGGCCGTCGTGA,GGGCCGTTGAAT",100.0,53.055644817
100.0,6,"AAGWAG,GCTMCT,AAKGAT,CGRTGA,CCCRCT,CACGGG,AGATTT,GAAWCA,ACGCAA,AGGGCG,GTGCTG,TCAGTG,CCGMGA,AGTATG,CCGAAA,GTCGTA,TACAGA,TWCCAC,TKGCGC,GGTGAG,GGCTGC,CCACTG,TGGCGA,GCGCAT,GCTAAA,CGTCTC,CAGACC,CCTCGG,TAGGTG,TGTGTT,GCTCTC,GCTTAG,CCCCCA,TAGTCG,CCCTTT,TTTCTT,ATCGCA,ATCTAT,CGTASG,GTATTA,CGTAAC,AATAAC,TAAACC,AGGTCA,TATCGT,CAATTG,CGGAGR,CATGTT,ATGAGC,GAGCAA,GCAAGG,ACAGST,ATTTGA,ACATAT,CCAAGC,ACATTG,CATTGC,CTGGGG,CCAACT,CTGCCG,TTATTG,TTCGGT,GTTGCC,CGGGAT,TGCATT,TGCCCT,CCATAC,CCATGT,TCGGAC,TCGGGA,TATTMA,GATGTT,GTCTGW,TCTCTT,TTTAGT,TTTATC,CTCTAG,CTCTTA,TGTTRT,TGTTAG,TCTTCK,TGATAA,TGATGG,TGATCC",84.0,4.745064171
100.0,7,"ATAAGAT,GGTACCA,ACAAGTC,TGACCCG,GAGTAAA,ACAGTTC,TCCAGTC,TGCTGAC,CTAATCA,CTGTCCG,AGGATGG,TGTAATC,AAGAGCT,CCAGTGT,ACCGAAG,AAGGGGG,AGGCTCA,AAGCGTA,GTGCGTT,GACGGGT,GTAGGGA,AAGTCAA,CGGACCA,ACCCCAG,TGTGGGT,AAATTGG,ACGCGCT,ACACGTA,GGGAAAG,ATAGTCT,GGGCATT,CAATSCG,GGCCTGC,AACGTAC,TCTATTG,GGATGAG,ACATGTG,GTATGGG,CTAGCCA,GGATTAT,ACGTCAG,AGCTCTT,GTCCGCC,TAGATCG,CATACAA,GCCCATA,ATATTTA,GTAAAGC,CAGTCGG,GTAATGA,AATGTTA,CAACCGG,GCTGTTC,TAGCACA,TGGAGAT,TGGCGGG,GTCTCCA,CGGCGTG,CATTCCT,TACAAAC,TCCCGAA,GCTTGGG,TAGTTAA,CCGATTA,CGAACAG,AGTTTTT,TTTTGAT,GATCAAA,TGGCTGA,GGCTTAG,ATTGCCG,GTTCGCG,GATCTTT,GATAACT,TTGCGCA,GCGCTAA,TCATCGC,TTTAAAA,GCAATTC,GATACTG,CAAAGCA,GTCGTMG,TTAACTA,TCGACAG,GCAGCCA,CGATGGT,AACTTTG,CTTTGGC,TTTAGAG,CGCGGGG,CGCGTTT,CGTTACA,TGCAGTA,TGCATCA,TAAAGAT,TAAATCG,AATCAAC,AATCATG",98.0,8.38969291
100.0,8,"GAGGGGTT,GAGATCTA,GAACCAGC,TATTGCCC,CAAGCGAA,ATAGGGGG,ACAGGCAC,CAACGCAT,GTTGGCGG,GAGCTACA,CACAGAGC,ACACCATT,GGTGTGTA,TCGAAAGA,ACTGGGCT,CAATACGT,ACGCTACC,TGCCACCG,CATCTACT,ATTCAGTG,ATAATCGA,GGTAACAG,GCACGGCC,CGAAGTAC,ATACCGTT,GTAAATAA,CGTACATA,AACATGTA,AACCGATG,ATGGATCA,AACCTTAG,AGGGGACT,GTCTCCTA,TCTGGGAA,GCTCTCAC,AGCCAGCC,ATGGGTAA,AATAAAGG,CTCCGTAG,CGCCCAGA,AATGCAGT,GCGATCGT,TTAATGTT,GACTACTT,CGATCATC,CCAGGTTC,CGGCCGAC,ATCGCAAC,CGGCTCGG,GACTCCTA,TACGTCGG,ACCATGAG,CGTGCGCT,GACTTCAC,GTCTTTCT,TCTTGGGG,TTAGTACC,GGTTAAAG,CAGACGGA,CTTGTTTC,CTTCTGAC,TTGTACAG,TGGGAGAA,ATGTTGAC,AAACTCAA,CCGACCCG,TACCGCTG,CGACGTAT,TTCTGACT,CGCTTGCC,GATAAGCT,GTTCCGGA,GGCAAAGC,GGCATGTA,CATGTGCT,TAAGCGTG,TAAGTAGA,AGCCGGAT,TCAAGTGA,AGTACGCA,GTAGAAGC,GTACAGTT,NNGTCCGT,ACCTCCTG,TACTTGCG,GCAAACTC,CCTAGTTA,TGCAGGCT,CTCAGGTG,CTCACCTT,TCAGAAGT,TCAGATAT,GGAGATGA,AGTGTTAA,TGTGAATG,TGTGAGGC,AGTGGAGA,AGTGGTCC,GATTGATG,GATTGCAC",100.0,10.341253786
100.0,9,"AAAACGGGC,AGGGTAAGT,AAACCCACT,ATGACTGTT,CTTGGATCC,GGTGACGGA,ATTGTCTAT,TGAATCGAA,TTGTGTGGT,TATGCCCGA,TAGGTTCAA,GTAAATAGT,GAGTGACGT,CTTAATAAA,CAAGATCCT,GGAGCACCA,TATTCTGGT,GGGACCTCT,ATCCCAGAT,CTTAGACCC,GGACACATG,TTAAGCATA,TGTAGGGAT,AGATCATCT,CGCTTTCGG,TGTTATACG,ATGTCCCTG,GATTATAAG,TCTGATGAT,TATTTGACC,CTGAACGCC,GGCCTACCG,CAACGTGCG,CAATGTATC,TCTCCCCCT,AAGAACTAG,GAAATAGAT,CTTCCACCT,GGACCCGCG,CTCGCACTG,TCTTCAGCG,CGAGACCAG,AGACATTAA,TTAACCCTC,TTGACAATA,CTGGGGCAT,ACCCGGCGC,TGAGTCGGC,AACCGAAAC,ATTAGACGT,AGTAGTCGG,CTGGCTCGC,GACGTGGGA,CCCAGCGGG,GCCAACGAT,GTAGAAAGG,CTGGTTAGT,TATAAAGCA,TCCCCWTCA,CGAGGAATT,GTACATGAG,AAATCGGAT,GTATACTTA,TACATTTTT,TATAGTCAT,ATAGAAATC,AGCCTCCAA,GAAAGGTTT,CCCACTCGA,CATTTAGTA,CAGTCAAGC,ACTCGGCAC,GGGCGTTTG,CCGCATCAT,TTAGTAACC,ACAAGTTAT,TAACGGATA,AAGTTGATT,GGACTGCGA,TTTCCGGGT,CCGGGCAGT,TTCTCACAC,GTTCCATGA,TCCATGGAC,CCGCCAGCG,ATCATCTCA,TCCGGAATC,CTCAGCCCT,CACACTCTC,GCCCTCGAT,CGGCAGCCA,CGGCGGGCA,GGCGGGTTG,TCAGCAGCG,TCAGTTTCC,GTGTGAATT,GTGTGTGGT,GCGGGCACT,GCGGGCCAC",99.0,15.931287939
100.0,10,"CCTACGAAAA,AAAGAGGGAA,AACCCATCAG,AAGTCAGGAG,TTATCGTAAG,GACACGTGCT,ATATGTACCA,AGATTCACTA,CACTGTCAGA,TGCGTGACCG,CGAGGCCCGT,GGATTATCCG,ATTTTCGGTG,CCCCCGTACT,CTAAGGGAAA,CTAACACGTC,GTTATAGACC,AGGCTTTGGC,CTTAATAAAG,TGGCATTACT,AAGCCGTGTC,CGATCAAGTT,GGCGTGCTCT,TTAACAGCCC,TATAACGTTA,TATGGATCCG,ATCGCTATCG,TATTGCCTCT,GAGAAGCCAG,GACTCGTACT,CTGAAGGACC,AAGCTCTTGT,TTAATTCTGT,GGGTAGTCGA,ATTCGAACGA,TAACGTATGA,AGTGATACTC,CCGTGCCGTG,ATAATAAGTA,TAAGTGTGGC,ATACAGCAAA,CAAGTGAGAT,GACCGCCATC,AAGTTGCCTC,TAGCTTCAAG,CAGCAAACTG,GACCCAGCTA,AACGACTAGT,GCAATCATGT,TTTGATGAAG,ACCGCCCGCT,CTCCGCGCTA,GCGAGTCAGC,AGTGCTACTG,CCTCCGACAA,GTTGTGCTGT,CCCACACCTA,TCGGATCAAA,CCCACCGGCC,CAGTCGCCGC,GTGCGCCAGG,TGAGTCTCCG,GCTAGCGATA,CGCTGCCTCC,ACCTGAAAAA,TTTTTGGGCA,GAGCGTCAAC,TCACGGTTGC,CGGGCCGTAG,GTCAATGGGT,GCGTTCACAG,TTCTCCGGCC,CGGTTTCCCG,CATGGATGGA,CGTACGCCCG,CCTATCATGT,ACCTCACGAT,TCGTGTAGAT,GCCCTGAGCC,CGTGTAGCAG,ACCCAGTTGC,GTGTACTGTC,CTCCCTCTTC,GTGTGAATCT,CAGAACTCTA,TTGGGGACCA,ACTGCACCTT,ACTGTCGTGG,GCGCCTTCCC,CCTTTACCCA,CCCTATGATG,CTTCTTCCCG,CCAGCTGGAT,CACAATTGTG,TCATGCGGGG,TCATGCTTTT,TCGCGCACAA,TCGCGCCAGG,CCAGACGMTA",99.0,20.362314948
100.0,11,"TTGGAAAAGAG,CCATTGTGGTG,ACCCCTAAAGA,ACAATCATTCA,TACGCGCTTTG,CGCATCTCTCT,ACAATTCTCAT,GGGCACGGGAA,TAGGCAATGCT,CAGTGTCAGTA,TCATGGGACTA,TGAATCCGTCG,GCCGGGATCAC,TTGTATCTCCA,ACGGCCCTCAA,TTGTGTCGTCT,CTATTACCTTA,GCCCTCCTGTT,AAGTCCAATGT,AGTCGTGAACA,ATCAGAGCAGT,AAGTTTTAAGG,TATGACATAAT,TGAGAGCATGA,CGTTGTCCTGA,AAGGACCCAAG,CGGGATCTGCT,CAGAGTAATCC,CTGCGCTTTGA,CTGACCTAACT,CCCTTACACTC,CTGATTGACTT,ATACACATGGT,ATTGCAGATTT,CTACCAATAAC,AGATGCGGAGC,TAGAGCAAGGC,AAGGGCTCGCA,ACCCTAATCAA,CTCTGGCGCGG,CGCCCGGGCAT,AAGGCTAATCT,TGCGATGTGAA,TGAGGGGGAGC,TTATGGCGAGT,GGGGCATGACG,ACTGGTTAAAC,GATCGCTTCCC,TGGCGGTTACT,CGGCTGGGCGA,GGCAGGTTCAT,GGCGACGGCAC,CGATCTGTGCA,GTTATAACGTA,GACGAATAGCC,TAGATAATGCA,AGCCACCAATG,AGCATGGTCGT,AAGGTAGATCC,ATCGTTTGGTT,CACCACCAGAC,TGTGAGAAGCG,GGTTCCGCTAC,CAAATGTCATC,AGCATTCCCAA,GCAATTAAACT,GCATGGGATAT,CAGTTCTTCCG,CCGCCGCTTCC,CGCTTCAGGTA,ACGTATTCCGT,TGTGGAGCCGA,TCCAATAATCT,GTGCAAAAGCT,ATAACGTCGCG,TCAACCTACTA,TATTTCCTCTC,CCTCCGCGTAG,TGTGCTCTAGG,AACTCTAACAA,TAACTCAAGAT,TTTCCTACTAA,TTTCTCCAAAT,TTCTATATTCC,TAGCGATATCG,TATAGCTCTTG,CTCCACGCCAT,TCCCACACCGA,CAGTAGTATCT,CTCTTAATATA,DVTCGAGCGGG,GCGAACAGACA,GAACAGTACTA,GCGAATATTTT,GCGGTAGGGTG,GCGGTCGGCAT,TAATACTGACA,TAATCGGTTAC,ATGTAAACCGG,ATGTAATTGAC",100.0,36.218685245
100.0,12,"GAGGGCGGCGTT,GCTCGTTTCACT,TTCAGGCGAGAG,GTACCCATCCCG,TTTACCCAACCT,ATCTTAGTCCAA,CATGATAACGAC,TTTATACTGTAA,TAGCTTATGTGT,AAAAGGATGGGA,AAGTCACTTGCC,ATCGCAGTCGGA,GCAATAGGGTAG,CATCGGATTATG,GAAATAGGGTTT,GGATGTGATGCC,GCATTCAAAGCC,AAACAACTGGAA,CTCGAGCAGAGG,GCCGAACTGGGA,GAACTATACCAT,ACTAAGATGCAT,GTGATGACCCAC,GTATGTAGGCAC,GTGGACTTGATC,TCATTCCATTCT,CGTCCCTTATGC,GAATTATGAGCA,GTAGCAGGCAAC,CGTTTTCTGGGC,TGGTGCTTAAAG,TAGAATCTGTAC,TTTCTCCGCCAT,TAGAGTCACTTC,AAACTTTTGGGG,AATCATATGATC,ATCCGCCCAGAA,CCCCATTACCAC,GTTGAACACTCA,TTAAGAACTTGA,TCGATATTATAG,GGTTAATAAATC,TCCACTAGAATA,TCTGGAGAGACA,ATATTTCCTTAC,GATACCTTCGGT,GTTGCTGACGAC,CCCTACCCAGCT,CGGACAAACCAA,TGACGGGCCTGA,GTGTACTCGGTC,CCTATATGGACC,ATTAAATGCACA,TACTACCTTACG,TGGAGAAATAAT,TTACTGGGACAG,GTGTGGCTAATA,AGGTTCGCTACA,TATTATTCCCGT,TATTCCCAGCTG,CTGATGCCGGAT,AGCTAAACCAAA,GCTACGCGTCAT,CAGCTAGTCGGG,ATTACCCAAACC,CTAGCCACATCC,CTAGTCCGAACC,TGGGACCAGTCA,GACCCCAGAGTG,GGGGACTTAATT,AGTTACCAATTA,CAGAGTACAATT,CAGGACTGTCAG,TCAGAGGGGGTT,GTGTTCCGGTCT,TCAGATGCAATG,GATGCAACCATA,CAATTGCCTCTT,TGCAACATACCG,TACCTCTTTGGT,CCTTCTGTCTTT,GTCTAATCCCAC,TCTTATGCCCGT,CTTACGTTACCA,GGTCTGGCCTAA,TCTGCACCAGGG,TGCACCCGCGAT,CGCCTTAAAACC,TCTTGACCGTGA,GCCTCGGCGACC,TCTTGGGACCCG,TTGGTCGGTAGT,TCGGCCCACTTT,TCCGCCTGTCCC,CGAAGGTGTTGG,CGAAGTTTGCAC,TAAAGGCGAAAG,TAAAGGTCGAAT,TCGTTCCGCGCG,TCGTTCCTGTAA",100.0,44.572383205
100.0,6,"GCTDAG,ATCGCC,CAAACT,ATCCCT,TACCGC,GGKGAG,ACAGAA,ATAGGT,ACATTC,GACCCC,CTTRAT,TGCACG,AACACT,GTCTTA,ACACGA,GACTAG,CCTGCC,TGCGGG,TGTGCC,TGAGAA,ACCCTA,AACGGT,CTATAG,AGTAAT,AGTTAC,CGTGCA,TCTCCC,AAGAGT,ACTGRG,ACTGWT,AACTCG,ACTTTA,CTGWTA,TGGAAC,ATTTAG,ACGGKA,CTCTAC,TGTTGA,CCACGT,CACGCC,ACGATG,GTTGGG,CGTCAT,TTGCGT,GTATGA,CGAKGA,TATGAG,CATTAA,ATTAGG,TTAGGT,TTGTCT,GTTCAC,CGATTC,TAAAAA,CGGTGC,GTGCCG,TGCCAC,TGCTCT,TAAGTG,TCCCCT,GGTCCC,AGGCAT,GCGTAA,CCACCC,TCCGCG,AGGTGG,AGGTCT,TTCGAG,GTAGAG,GTAGCT,TAGCGG,CCCCTT,GCGGGK,CCATAW,ATTCCR,TCCGTA,CCCGAC,CCCGGA,CCGAGC,ATAAAG,ATAACA,CGTTCT,TTCGTC,TCGTAC,TGAAGA,TGAACG,TGATAS",87.0,5.328503643
100.0,7,"CCGAGTT,TCAAGCC,AGGCCTG,TGAWTTT,CCTATGA,CACTATC,CATACTG,GAAACTT,CATTAGC,ATGTTTT,AGCACGC,AGCTTAG,GGAATCG,GGCGGCC,GAACACA,AGGTACA,TGTAAGC,CCAGCCC,ACGACTA,CAGCAAA,TCTGCGT,ATCGCAA,CGAATAA,CGAGTGG,GCGTGAT,CGACGGA,GATCCGC,ATCCGCG,CCGTGCT,CGTACGC,CTAGCCT,AACGTCA,ACGCCGT,CTTCGGG,CGCAGTT,AGGGTCA,CGCCCTT,CTTCCCT,GGGTAAA,GTAGGGT,GGGTTAG,TCTCCGA,CTAAAAA,CCTTACC,CACGTCG,CGTCTAT,TACAATG,AAAACCG,TCTAACC,GTTTGCC,CTGGGGT,CCACCTA,TCTATTC,TACTGTA,GGGGCAA,CTGTTCC,ACAAGGC,ATAAATA,TTGATGC,GGGCATA,CCTCGGG,GGCAACG,TGGAGGT,GCAAGAA,GCATTTC,CACCAAG,CACCCTC,GGGAGGA,GGGATGC,AACCACA,ACCCTCT,CCCTCTA,CCTCGCT,CTCGATA,TCGGTGT,CGGTGCT,GGAGAAA,TGCTACT,CTACTCA,TGTCTTA,GGTGCTT,TGCTGGA,TATTTGK,TTGCGGG,ATTTACT,ATTTGAC,TTTACAT,GGTGTCG,GTGGACT,GTGGTGG,TTAGGTC,TTAGTCT,AATAGGT,ATAGTTG,GGACAGC,GGACATG,AATAACR",97.0,8.926233516
100.0,8,"TGCCTCTC,TGGGAAAA,ACTAAGCC,AATGATGC,GAAAGAAC,GGTCCTGT,TGAAAATA,CTAAAAGC,TTCTACAC,CTCGTCGA,GGAAGTCC,AAAAGTGT,TTTTGGTT,GTCAACTC,CTAGCCCG,TAAACCTA,TATCGTCA,TAATAAGG,ATGATGCC,GCGCGGTA,TCAAGGGG,CTCTGTGA,GCTCACGG,GAGTCGCG,TCCTAGTA,CTGTACGG,GCGGCGCT,CAGGGTAA,ACAACCGG,ACCCGTAT,AGCGGGCG,CCCAACAC,TACGAGAA,TGTGACAT,TTGAGGCA,TGCAAGTG,ACGAAGTA,TACGGCAA,TTGTCGCA,GGGTAGTA,CCAAGTCG,GGTAACAG,TGTCCAGC,CGAAGAAC,AAGGGAAC,CAATCGCC,CCACGCCA,GCGTCCCC,CAATCTTC,AGAAGGAC,ACGATACT,GTCGGCGA,AAGTCCAT,CACCCCTG,CCCGCATA,CGCACCAC,ATCGACGG,AACGTAGC,AAGAGACG,AGTTAACA,GTCTTCGG,CGTAACCC,ACGGATGC,ACGCCATT,ATAAGACA,GGTAGTTA,GTTAGGGA,CGGTGGTT,CGGTTCAG,GTAGCGCT,TGCAGCCC,GCTTCATA,AGTTTAGA,TTCATACC,TTTAACCC,TTAACCCT,TTATAGTT,TAGTTGGC,GGCAACGC,CATCATCT,ACCTGCTG,TTCGGGGT,CGGGGGAA,GGGATTGG,TCAGATTA,CAGATGCT,GATTTATT,GGCATGCA,CATGGCTA,TGGCTCGA,AGACACCT,TACCATGA,TACCCCCG,AACATCTA,AACATTCT,CCCCATTG,AGAGTAGG,AGAGTGAT,ATAGACGW",99.0,10.329768825
100.0,9,"GCGCCAATA,GGGCCCAGG,GTCAATATA,GGTACGCTG,GTAGAACAA,GCCTCGTAG,AACCATGTC,TGCACCGCT,ACGATCATA,GGCCACAGA,ACGCCAACA,CCGCCCTCA,ACGGTGTAG,CCTCAGTAA,CTACTGAGG,CATTAGCTA,AACTGTTGC,ACGTAATAT,GTGTTTAAG,TCGATAGCC,ATGAATACG,GCACTTCTC,ATTATGTAG,TCATGTTAG,CATTGCATC,TGTATTCAC,TGTTATGTC,CGTGATATA,TCCTATAGT,GACGGCTAG,TGACTCCGC,CTCAAACCT,TCCTTGTGC,TCTAGATGT,TTAGAAGGG,AGACAGCAG,CGTTCTCTT,ACTAGAGCT,CAGTACATG,ACATCAGCG,CAGTTAGCA,AGATAGTTA,GATGCTGGG,TGATAGGTA,AGGACCTGC,TGCGGGTCT,AGGTCTGTT,TTAGTTATC,AGTTCCGAA,CGTTTGAGA,ACTATCCCT,GTTGTACTG,GTTTTGAGG,CCCGTAAAC,AATAGCCTC,TAGCTTCAC,GGATATGCA,ATCGCATCT,CGGGATCGT,TCTATACTC,GGGATCACA,CTAGAGACT,CGATCACCG,TATGTCCCT,AATCTCGTG,GCCACTGTC,AATCTTTCA,TCTCGTCTT,CGCTTACCT,CGCTTCGCA,TGGCGATCT,CTCGCATCC,CATCCGGGG,TCGTCCCGA,TATTTCTAC,GTCCCTGCC,TATATATCT,CTTTCAATT,TCTGATCTC,ACAAAGCGT,AAAGGAAAA,AAAGCTTTA,TCTGGCAGG,GATCACACC,TCACACTTC,GACCCCAAT,TATTTTTGC,ACACTCGTG,ACTGCCGTT,ACTGTACGC,GCCGGTTCC,CCCCCCTGG,CCCTGGACA,TAGAGACTA,TAGACAACG,TAGATTGGA,AAGAGAACG,AAGAGACCA,TTATGCCGC,TTATGCTTG",100.0,16.23522929
100.0,10,"ACTGCCAAGA,GGGAGGGCGT,AAAGCTACGG,CAATCTGAGT,TATGGTACTG,TAACGTGTCG,AAAGTGGGCC,ATGCACGTCG,TCCTCATCCT,AGGGCGGAGG,GCAACAGTCA,CCAGTGTGCG,TACCAACTCT,TCTAAAGAGG,GCTGTTCCCG,GTCCCCTTGT,TTCACGACGG,TGTTTGATGG,ACTTCGTATC,GTCAAACACT,GTCATGACCG,TCACCTGATA,CTGAGGCACT,GTCGACACAA,TCATGGAGGT,GTCGCAGTTC,CGACCAATAA,CTGTTGATAA,GGAGTTCCGT,GTTCTTTGAA,CACGAGTTTC,CGCCTAAAGA,CTATTTTTCT,TCCGAGTGGA,AGCCGTTGAT,GTGCACAATC,CCTAAGGGGT,GCGACCCCAC,GTGCGCTAAT,GTGATACGGT,GACCATGATT,TAGCCCCAAG,TGCTCGCAAG,TCCTTCCATA,GAATACGTAG,GCGCCCGGCT,CCCAGGCCGC,TTTGATTCCA,GTTGACTCGG,TAGCTACATA,CCTTAAAACA,CAACAAACCG,AAACGCAAAA,CCGAGCGGCC,ATGATCTTGG,TAAGGATACC,TGATTATAAA,CCGAGTGAGA,TACATAATTC,TGAAGGATCG,TAAGCTGCTT,GCTAATGAGT,CTAAGTGAGA,GATCAACCTG,AATAGCAGAT,TACAACCTGT,ACAAGCTTTT,CAACACACAC,TACAATGTGA,ACATCCGGAT,CTTTTCGGTC,AGCGGCAGGC,CCGGACGTAT,ATAAACCATT,CGTACACGGA,AACCAAACCA,ATCGCGTAGG,TGCTTGTATC,TGTAGGTCAG,AGGCTTCGCA,ATCTGGAAGA,TCGCGTAGGA,CCGGCATAAA,TCTGGATTCG,TGTTGCAGGT,GAAGTCTTTG,CCGGCCTCAC,TCTTCGCTAG,TTGTTGGATG,TGCATAGAGC,TGAATTTCTC,TGCATCTCCC,TTGAACTCTC,TTGAATAGGA,AGGCAGCATA,ATAGAGGCAT,GCATCGCTCG,ATAGATTCAC,AGGCCACCAC,AGGCCGATCT",100.0,36.204244925
100.0,11,"GATCCCCACTA,GAGCCCAACCT,AACCGTTGGAG,AGATGGGGCAG,CCTTGACTCCG,TTTATAGCTAA,GAACAAGAACG,AAGAAGGCAGC,GCCCCTAGCAG,AAACCTCCTCA,AGCAAACTGGC,ATCAGACGGAG,ACAGACACCTA,GACAAATAAGC,CAGAGGTTGGC,GCTGTGCTGTT,GACATAGTACA,GGCGTAGCGAG,GCATTAACAAA,TGCGGTTGTAA,GTTGGATAGTT,CAGTTTGAGAG,CTTGATTCACC,CTGATATGTCA,ATAAGTGTCTG,TTGCCGGTGAC,AGCCAAGGTTT,ATATCTACCTC,CCAGCTCTCGT,ACCTGCATGCT,TCCATTCTAAC,CATGGTGGAGC,AGGCGCGACCG,GTTGCAGGATC,TGTGGTTTTTC,CAAGTATATTC,CATACAAGGGT,TGGATACATGT,CATATCCCTGT,TAACTGCCGAA,CTAGTGGCAAG,CTGCTGGTGGT,ACATAGGAACT,TGATATCGTTT,TAATGAACTGG,ATCCTTCTCTA,TGATGTTCGCT,TTTTCATGTTA,GCCAAGGTTAA,GCCTAATTACA,CACGATGTGTA,AGTGTAGCCCG,GGCAATGCTGT,TTTCACGCTGG,GTTCCTTCTCT,CCAGTCTTAGG,GATTAAGTACT,GATTCGTGAAT,AGGACTATTTA,AACTAGACGAC,AACTGTCCTAC,CCTGTTACCTG,ACCGTATTATG,GCGCGTTACGC,CGTGGAGGGGT,TTCTTCCGGGC,CTCCGCCTAGC,AGGATGGCACT,TGTACCCCTCT,ACTTATTGAAG,TACTGAGACTG,CCCCAGCGCAG,CTATTTGTAAT,CTCCTTCTGTG,GTAAAATTCGT,TTCGCACACTA,AGTCACGCAAT,GGATGCTAGAT,TGTCCCGATGT,GTAAATTTAGT,TCGTATTAGGG,TGGCTATAGAG,TATTGTAAGGG,TTAGGCTGTTG,GTACCACTTTG,GTACCGGCCGC,CACTACTACGG,GGCTGGCCGTC,TCACGGAGTCT,TCACGCACAAA,GTCGTCTATTT,TTATGACGGCC,TTATAAATGCC,TTATACCATGG,TTAATTCCAAC,GTCTCAGGCAC,GTCTCGGAACC,GTCTCTATATG,GTCTCTTCAGT,TCTCTTAATCG",100.0,23.655090716
100.0,12,"GGCCAGAGGGAC,GTGTAACAAGGG,GCACGGGGGTGA,GCGATTATAATG,GTACTCTGAGTG,TGGAGTGGGCTC,GACCAGAGGTAT,TGACTAATTACG,TGGGGTTTTCAA,TGTTTTCATCAG,TATATGCATCGG,ACCAGGTTGAAA,AAGAAGGCTGGG,AAGCCGCATGTC,ACAACCGAGAGA,TTGGTAGCTCAT,ATCAAAATCCCG,CACTAGCAAATT,TCTGGGATGTCG,TATGTAGTTCGG,CACTTATGATAA,AAGGAGTCTCAC,TCAGCCTCGGAG,GTGAGAGCGTGA,GAGAATAAATCC,ATATGGGACTGT,GGACGGGGAACC,CCGGCTTCCAAT,GGCTTACCCCTA,TCACGTGACAAA,ATGACGCGGATG,GAACAGCGGGGA,ACCGACACATCT,AGGGTTAGTCGG,ACATGACATGAA,TAGCCCTTGCCT,ATCTTCAGTGAG,ACTGAGGCTCAA,GCGCTTTGCGTT,CTCGACCTCATT,GATTTAATCGCG,GTCCTACGCCAT,AATCGTGCTACT,GATGTCGGGCAG,CGGGAGACTCAA,GTGATTGGATTC,GTGCTATTCTTG,GTCAGAACCCAT,TCTTAGTCATGA,GCCGAGGAAGCC,TGTAGACGTCAT,CCCACGCTAACG,GGGCGAGCAGCC,ATTGTCGAAAAA,GACGGGGTGATC,CTCATAAGAGCA,ACGCTTGATGTT,GGTAATTTACCC,CGAGGTGAAACT,CGTCGGTAGGCA,AGTCGCCATATT,CGGATCCCGTGG,TGCCGTAGCGCG,CATGCATGTGCG,AGACTAGATGGC,TGCATGTCGTTG,TCGCTCGGAGGA,TCATGCCGAAAA,GTTTAGTTCCTA,NNAGTCACCTGT,ATGCTTGCAGGT,TGCTTCAGTTTA,CTTCGCAGATAT,AGACTCCCAGAG,CCCTTGATGGGA,TGATGTAATCTC,CGCTAGTCCATC,ATTGCATACTCA,CCCGAACCGCTC,ATACTCGCGGTT,TGCAGTCGGCAT,CAGTAGGGTAAC,ATTGCGGAACAT,CCCGATGAGGGC,CCTTAGTCTCTG,TCGGCAAAGTAG,TCCGAGGTCCCA,TCGTTCGCAACT,GCAACTTGCTCT,TTCCATTCGGAG,CGTTCATTCGTA,GCTAAGGCGTCC,GCTAAGCGACCC,TTCCTTAAATGT,TCCTTATTCCAA,TTATTATTATAA,TCCCTGGGTCGG,TCCCTGTAAGCA,ACGTTTCGCAGG,ACGTTTCCGATG",100.0,60.916540202
100.0,6,"GTTTGG,TGAGTC,GCGGTC,TTRTGG,AGCCCT,CGGRCA,ATACAG,CTCRCG,TAASAA,CGCAAA,TAAACT,GCYAGA,TTAGTT,CTMCGC,GATCTA,ATTCTG,CGTAGT,MGTGCT,TAGGAA,TAGTCG,CTCGTC,TCACTC,TGTACT,GTACTG,WGGCCG,AACGAA,GSCCGC,CGAGAC,ACTGCC,GTGCTT,TCGGYG,CTGCAT,TACCAC,GGCAAC,AAATGA,GAGAGG,TACTTT,YATGTA,ATCTAC,GAGGGT,CCAAGG,AGGGAG,GGAAGT,TGCATT,CCGGGA,GGAGAT,GGGATC,GAGTAT,AGACAG,ATGTGC,CAAATC,GTATGC,GCAAWG,GAAAGC,TTTGGA,TTCTAT,AACCGG,ACCCTG,AAAAAG,ACCTTA,CCTTCG,TTCTTC,GCACYC,GCACAT,AACAAT,AACAGA,CAACTA,CAGTCT,AATCAA,TCCTAC,GAATCK,ACAGAG,CACTAT,ACATCA,ACATTT,CATCTK,ATCCAA,ATCCCC,CACCCY,AGTCTW,TCCCCC,TTTTCS",82.0,4.655616884
100.0,7,"AGGAGAA,GGGAGTA,TRGCCCT,GGTGACG,TAACATA,CAAATCT,AACCTGG,GCTTAGA,CATGCAT,CGCACGA,AACTTAG,TAATACA,ACYGATA,ACTGACT,GCACGCA,CTCGCTC,CACAACT,AAAATCG,TCAGCAG,TATAAAA,CAGCCCG,TTGACGC,CGCCGGC,ACAATAA,GATMCAG,TCGCGGA,TAGAAGT,CTGATGC,GATCCCT,CTAGCCA,CCTGTTA,TGACCAA,ACCACCA,GTCCGAT,GCTGGAT,GATTGCA,TCTGCCA,GAGACTT,GCCGGCG,CTGCCCT,GCCGTTT,GCCCGTC,CGTAGAC,GTCCTCC,CCGAGCA,CCATTGT,CATTTCG,AGCTTGC,TCCGACG,TTGTGAC,CTAGTCC,TGCCATG,CACGATC,CCGTTAT,GTCTGGC,ATCGGCA,CGCTCTT,TAGACAC,CGTTAGC,CGTTCCT,TGTTCGG,CCTATCA,CCTATTT,CTGTCTG,CCACAGC,CCCGCTT,ATCCCGA,ATCTTTC,CCACTTA,ATATGAA,ATTCGAC,AGATACT,ATTCTTG,CTTGCTT,AGATATC,ATGAGCA,TATCACC,GAGGCGT,TCACACA,GCCAGAC,GCCAGGG,CAGGGTC,CTTTACG,TATCGAA,CTTTTAG,GCTACGT,CTATATC,CTATGCA,CTATTTG,CGGAGGG,CGGAGTA,GTGCTAG,GTGCTGA,TTTTACC,TTTTCCA,TCTTCGW",96.0,9.362656448
100.0,8,"GACCGTGC,ATGACTCC,GAAAGAGT,GGACATAC,GCCGTCTC,AAGAACCT,GTCGTGTC,ACATGTTT,CMCGAGAC,TTACAGAA,CTCGATCT,TCGATACC,TCGGGGGG,CGAGAAGA,CGGCGTTT,CACCACCA,CGTACACC,TCAAAAGA,CGATCAAC,TAATACGC,GTCCAACA,TCTACAGG,AACCAGGT,CACTCACA,CTAGGATA,AGGCAAAG,AGCGCCTC,GTCCCCAG,CCAACACA,CATGAGTC,TTTGATGC,ATCTGTAC,GAATGCTA,CTTAGGCG,ATGGAGCT,CCATATCC,TGAAGGAC,GGCACAAT,CTACGGAA,TTTCACGA,CTACTGCC,CAGGTGAT,AGGTTCCT,ACGAACAA,CAGCCTGC,TGTTTGTG,TCAGTAAG,CAAGCATG,GCCTGCAC,CTTCCGTC,CCCGGTAC,GGTGGTTC,GTAATCAA,GGAGAGCC,ACGGTATA,CGGTTCCA,ACTTCATG,GGAGTAAC,AAAAGTTT,GTATTCGA,AAGCTTGC,TNNGCGTC,GAGCTGTG,AAAGGGTT,GCACAGCT,CTCCGTTC,TCCCACCT,CCTGCTTT,ACTTTGCG,GATTAAAC,GTGAGCTC,AATTAACT,AACACGTG,TCCCTGGA,ACGTGTGC,TGCTTGAG,AAATATGT,TCTCTGAT,GTGGGTTG,CTTTGGGA,AAATTGCA,TACTCTGG,NNTCTTTC,AGAATAGT,TGCAACAC,TAGAAATT,GTAGACTC,GTAGGGTT,TGCATTCG,TACTGMTC,CTGATTTT,TACTGGGA,TGGAARTC,TTGTGMGA,TCATTGAG,TCATTGGC",96.0,11.318791035
100.0,9,"GTCGACCTG,CGAACATGA,TATACTCTT,TTTGGTTGA,ACTCATTGG,GCCTACGAT,GGCTGATGA,CCCTGGATA,CAGACGGGG,TCTGGGTCC,TAGTAAGAT,CTCATGCGA,AGAATTCTT,GTGAGCAAC,CTGTCTTAG,CGGTGAGAA,GTGGGGCAG,ATAAGAACG,CTCTGCATC,ACGTAATGG,GCATGACGG,CAGTCTACC,CTATCTACA,CATGCGCTT,TGCGGGTAT,TGGAAACTC,GAATTCCAG,GTCGGGCCT,CAGGAGAGA,TAGTTCCGC,AGAACGACA,TAAGATTGC,CGATATTGA,GGTACCTGA,GCCGAGCGA,GAGCGCCCA,CCTGACCGT,AAGACGCAT,TGGGAAAAC,GCGTGTTCG,ATTACGACA,AAGTCAAAC,TAAGCTAGC,AGTTGACCG,TGACCATTT,TTTCAAGCT,AACGGGCCG,TGGCAGCAA,TGTCCTAGG,CCGACGATT,TATCGTTAG,TTTATCCAA,CTAGATGTC,AGCAATGGG,GCAATTTTT,TCTGCCACC,GGGGTCTGT,ATGGACTAA,ATGGTGTCA,GACTACATT,ACTTTCAGC,GTTAGCCCC,TCGGATCTG,TTAACCTCG,TCAAAGGAA,GTTATGCTT,TAACAAGCG,GCCCGGGGG,TTTAAAGGG,TAACCAAAG,CCGGCCATT,GTCAGGCAG,ATACAAAAG,GGCCAAACG,AAAAATCAC,TTTTAAACA,CGGATACAG,ACAAGTAAG,AATCAACTG,CAAAGCGAG,ACATTTTTC,TCTAAGTTC,CGGATGTCG,AAAGGAGGT,TTCTCGGAA,TACGGGTTC,CAAGTCTCG,TACGGTCAA,GTTCTAAAG,CGGGGTTCT,GTCAACGGC,GTCAATTAG,AAGGACGGA,CAACTTCCA,AACTAATAT,AACTTCACA,CCAAAACAC,CCAAGGTTA,CCAACCGAG,AACCGCCGA",100.0,23.050137693
100.0,10,"CAGTATCACG,TTGACCGCGA,TCTACCCCTG,GCACACTCTC,GCATGATTTA,AATCGTGTTG,TCTGCTGCAT,GCCACCGAGT,AAGAGACCTT,TCTCCACCCT,CACAAGGTCT,TTCGGAAACG,TCCTGCGCCT,ATGGGTTTCA,TAGGGGATCA,AGGAACGTGA,CCGCTACGTA,GGTTAGACGG,TATATACCGT,AACCAAGTTT,GGATGCTATG,CTGCGGGAGG,TGCTTCGACT,TTGTCATTTC,GCTTAACCGG,ATTGATAATC,CTTGAGGTAA,TCTTTACGGA,CTTTATACGG,CACCGTGGTT,CGGGACAATT,CCCCTACTGT,GAGTGTATCA,CATGTGTATG,ATACACTCCG,TGGAACATGG,TATCTAACAT,CTAAATTGGT,ATTGGTGAAA,ACGGAGTGGA,TGGGTCGCGA,GAGATTTTCT,GGGGGAAGGT,CGGTATTAAT,GTACCACACT,GGCCTCCAAC,ATACCTCCCG,ATTCTGACCC,AATTACTGGC,TAAAAAACGA,TTACCATCCC,AACGTTACTC,GAAGCGAGGC,ATCCCTCATT,AAAACTGACG,AAACACCATT,TACCCAACCA,GACCTAGAGA,CTACATTCAG,CTGGCTCCTT,GAAGTTTAAG,ACTGTAGTTG,CATTTCGTTG,GGACACCAGT,GTGGTGGTCG,GTAATAGCAA,AATAGCGAAA,TAAAGTTATA,TTAAGCAATG,TCCCCGGGCT,GGTGAGTGAA,ACACCACTAA,CGAATATTAC,TCACGGCGTA,GGTGCGTTCC,GGGTGATGAA,TAAGCTACAC,CGCCCGTGCT,TATTAGACCC,AAGCAACTAC,TATTTTCATT,ACACTGGACT,ACACTCACTA,CACTGGTAAC,TCGGGTCCGC,GCGAAGCCGC,TCCGGCAAGA,CCGGCGATTT,GCGATAAGGG,GATCGCAACC,GATCGCGCCC,TAGATAGTCG,CGGCGGCCAG,TACTTCTCAG,TGTCCCATGT,GTGTCTAAGG,GTGTCGAGAG,GTGTCGGACA,GCTACTAGCY",99.0,28.733960271
100.0,11,"GCTAAACGGGC,CGTAAGATGGG,TCTCAAGTCTT,CCACGGGCTGT,CGTTGAAGCAG,TGGCCGTATTC,AATGCGCTCGC,GGGGAGGGACA,TCAGTACCCTT,CGCCAGAACGC,AAGCAAGAGAT,CAGGCGGAAGA,CAGGTTCGCCA,CCATTTCATAA,TAAGGAGTATC,ATGGTAGAACC,GTACGAATCTA,CAGAAGTCGAC,TCTTTTCTATT,AGTGTGTGCAA,CAGACGGATTA,AACTTGGTGGG,GATCTCGCTTG,GTGGACCGGTG,ACACAGTAGAT,GTATAGTTTAA,GGCTACATCTA,CTGCGGGTTTG,GTTCCAAGTAA,CCGGGGCGGGA,TGATACTCGGC,TAACCCATGTG,GCATGAGAGAT,ACAACCTTTCG,GAGAGCATCGG,TTCGAAGGAAC,CCAAATTTCCC,ACAATACGCAA,GGGCGACGTCG,ATGAGCCGAGA,TTCTTGGAGCC,GGAAGATACAA,GCCGAAGGAAA,GGGAATATCGT,GGTAGTAGTAA,CCGAAGGTGGG,TGGTGCATCGC,AGAGGTGACGG,CCCTGACTTAA,TCGCACCTCCA,CATCTAGCTGA,AGCCAATTTCT,TGTATTAAATA,ATTGTCGCTCC,TAGACCGCATA,CCGCATAGCGC,CCGCTCATTTT,GGAGCGGGTGT,GAGCACTTCCT,AAGGATACCCG,TGCGAGCGGCG,TTCAACTTAGA,TAGCTTGAACA,CTTGCACGTCT,AGCGGCAACTT,ACGTCGGCTCA,AGGACTAGCTC,GCTCATGATTT,ACTTCGCCTAA,GACTCGTGTAG,GACTCCCCCAC,CTCAACCCGTG,ACTAGAATAAC,ACTACTGCAAA,CTCATGCAACG,ACTGCTTTTCA,GCTTTCGGCAT,TTTCCTATTTA,TGCATATAGTA,CCTAGGCATTG,CGATAGGTTGC,GAATCACGCGG,AGCTATAACTC,CTAGCCTTAAG,GAATCATTGGA,TAGGCACACGC,GGCAAAAGGTT,AGCCTTCATAA,YNATCTCGAGG,CTCGATGAATC,CTCGTGCGGAG,TGCGATACGAT,TAGGTGTAAGT,TGGTTGGTCTA,TATAACTGTGC,CTGTGTATATT,TGTGGGAGCTT,TGTGGTAGCAT,CCCCTAAGAGC,CCCCTAGATTG",100.0,43.718511494
100.0,12,"CGATGGGCGTGA,AGACTAGCTTGA,TCAAGCTGATAA,GTTCACCGTTCT,CTCCACATCGTC,GACGCCCGACGA,TAGTACACCGAT,GGCATAGAGTTA,ACCTGTGCACGC,TTGCGTCAGTGT,AGTCTCTATCTC,TGAATGATAACG,AGCTAATAGATT,CACAGCACCTTG,CGCGGCCAGGTT,GGATTAGATGTA,ACTCGTCTTAGC,CTCTTTTCTTAT,GGAACATATTCG,CAGTAGGAGTCC,CTATCTTCCCAG,TGTGTCTGAGTC,GCTTGATAGGGT,CCTCATCGGCCA,TTTACCCCCCGA,TTCAATAGAATC,GATTGCTACGAG,CCTCGTTGGACG,AGGTGTCGGGGC,TGTCATCCCACG,TATTATCACCAT,TTTATATATTCG,GTCTTGAACGCT,CGGGGCGCGACT,CATCACCACTGT,GAGAATGCGTAC,GCACGAGTAAGA,CAGGTCCGACCT,CGCGACTGAGAA,GTGCCTGGATTA,GGTCGAACGCCA,TCACTGATCCAA,GACCTAAGTTTC,ATCGTTTCTTAG,ACGTGAGCACTA,AGTTGTGGGACG,ACCAGGAGGGGC,GTACATTAAGCA,TAAGCATATGGT,ACCACTTCTTGT,AATTATTTGACA,TTCTCGTGAGTG,GTAATGTATGTG,AATTCGAGTGTG,CGTGAAATGTAT,TACACCTAGCAC,GTAGCGCCGACT,GACTGAGGTAAA,TCAGGGGCTGAT,GGGCGTCCTGTA,GGGCTATTCCCG,TTGACCTTTGTT,TCAGCAAAGAGT,CACTGCTAGGTG,GCTAGGAGGTTC,GAGCAATTGTAG,TCAGCGGAATTG,AGGATAGCATAG,ATTTCCTTGCTC,NNATTTGGTACC,CAGCGGTCCAAT,GTCCAGCCCCCC,TCCGACTGGCAA,TGCCGCAGGCGT,TTCGACAGAGCT,CAGATAATAGAC,CAGATTCATACG,TTCATAAACCCC,AGAGCGGATGGT,TCGACGGGTAGC,GCGGATATATGC,AGAGCCAATAAC,ACTGCCGGCCTA,TTACATTCTGGC,CGACTGTATCCT,CCTTGCTGCCTG,GATATAATGATC,ATTCGCAACAGC,ATTCTGGCTTAG,CATCCGCCCTTG,TACATCTCTCAT,TCGCATCGGAGG,TCTCGGTTAGGA,CTCGAGATACGC,GCCACGGCCCCC,GCCACTTGTAGG,GCTGTGATAAAG,GCTGTTGATCCT,GTGAAAGGTAGA,GTGAACGTTACT",100.0,48.769148761
100.0,6,"AAKGAG,ATCBGT,KGCTAC,AAWTTA,AGTAGG,TAMCTG,CTCGAA,CTCCAC,GTCAAC,GCCTTT,GACGGA,CTAGCA,TCGAGA,ATWCCC,CTATGC,CTTATA,AGRGAG,GGGTGG,AGGGAT,ATGCAG,TCCAKG,CCACGT,ATSAGC,ATCATT,ACSGCC,GTGGAC,ACCCTG,ACTGAC,GTGCAT,TAATAA,GACCTY,ACGATC,ACGGTG,CCTGGC,TGAACA,ATGACA,TGATTC,CGGGGG,ATGTTA,CTGGAA,GAAGTC,CCGAGT,CGATGT,AAGGTC,GCACTT,CCGCCC,GGACAC,GGATGT,CACAGA,TCAAAG,TGCAAA,ACAAGG,GTAACA,TGTACC,AAGTTT,GTACTC,GTTCTG,CAAGAG,TACACG,TACTTA,CAAGCC,TTTAGA,AGCGYT,CAGATC,AGATGC,TTCCGT,TCAGAC,GCGAGC,CGTTAT,AGCGGA,AGCGTC,TCATAA,CATAGG,TTGTGC,TGCGCS,TGCGTA,GCGTAT,TTTGGC,TTTCAV,TTTTTA,GTTGGW,GTTGTC,TTGGAT",83.0,5.374895362
100.0,7,"ATTTGAA,ACAGTCC,CCCCGTA,CAGACCG,ACACACA,AGAGCAG,AAGTATA,AGATGAG,TCCTGGG,CACGGTC,GATCCAA,TATGTTC,CCTCTGC,GCAGGTC,ACGTTAT,CAGGCGC,CTCTGGT,ATCATTA,CTGAACT,TACGCAT,GAAATTG,CTGCCTG,TGGACTT,CTGTTTG,CGTAAGG,TAAAGAG,AGCAACG,GCAWCAG,CAAATAG,CAACCCT,ACGCGAT,ACTAGGC,AATCTAC,GTAACAA,AACCAAG,CGGGATG,GTAGTAG,CATTCAG,CATAGTR,GAACGCT,ATAGCGC,AGCCTTT,CTTGTTT,GGTGGGC,TGGTCTC,GCTAATC,TCGGCTT,AGGAGCA,CCATGTG,CCATCGC,GTATATA,TTGAGTA,GTGRGTA,ATCGTGA,CATGTGA,TGCGCGC,TTGGGAA,GGGAGGA,GGGGTCT,CTTTAGA,GCGAGCC,CGAACCG,CTTTTAA,TGAACTC,CTTCGYC,TTCGTTA,TCGTGAT,TTGCACA,TTGCTAT,ATTAWGC,TGTTACG,GTTTAAC,ATTATAT,CCCGCWA,GTGAATC,TATTGCC,TGCCGCT,CGTGAGC,CGTGTTC,AAGGCCG,TTAAATG,AAGGTAC,TAAGACA,GGTACCC,BBAATAT,GCCGAGT,GCCGCGA,CCGAATA,CGCACCT,CGCATCG,GGTTACA,GGTTATC,GCCCGGA,GCCCGCG",94.0,8.695462717
100.0,8,"CAACTTCC,AAAGCGGC,AGTATTAC,AACACTCC,AAATGACA,AGGAACCC,TGTCATAT,ACAGATGT,TTGCACAG,AGTCGCCT,AACGTACT,AATGCTCC,GCTTACAT,GGGTCCTG,GCTTTTGG,CGTKAAAT,CATGTTGT,GCGCATAC,GTGAATAG,CTACCCAC,TGTTGCCG,AAGAGCAG,TACTAGGG,AGTTCATG,CGAGATTC,GAATTTAT,AGACGGAG,CGACCGTT,CACGATTC,CGCTTCGA,GAGGCGGG,TCGCTATT,AGGGAGCC,TAGGTTTC,GTTGCCAA,CCAAGGAA,GTTTGAAC,ATTTTCAT,AGATAATA,GTAACCCT,CGTCTTCT,ACGATCTA,CCCTCCCC,CTATATAG,CTTACCAT,CTTTGGTA,ATCTCGGA,GTCTTCGC,TCTTCCCA,CCCTTGAC,TATAACAA,TTGATCCT,TCCATAGC,ATTCAGCA,TGAGCATT,ACATGGGT,TCAGAACA,CGGCACGG,GCACGTGC,ACGTCAGT,TGATATCA,GATGCTGT,GCTGATGC,TTATGGCG,CCTCTAAA,GCTCAAGA,ATATATGT,GCTCTGAC,CTTCAGTA,GCATGCWA,CTTCCCAC,TCCCGCGA,TATTAGAG,GGCGACTA,TATTCAAT,TTCGTCAG,TCACCYAG,NNAGCGGT,CACCATGC,GCCCGGCT,CGTACCTT,ATGCCCAA,CGGCGTTT,GGCGTTCG,CCCGAGGG,CCCGTATC,CGGGAGTG,CGGGATCC,CATTATCT,TGCAATTG,TTCAACCC,TTCATTGC,CCTGCAGA,CCTGCCTC,CATAGCCA,GACATAGT,GACATGCC",97.0,12.716585303
100.0,9,"CCATAACTA,CCCCGACCA,GCCTAATGC,GCCTGGGAA,GGTTGCTAA,TTCGTGCCC,AAACCCTAG,ACGTAAGTG,AGTAATATA,GCCTCATAC,GACAAGGCG,ATCATAGAG,GCTAAAGCG,CAAGATCAA,CGCATTCCT,AAGATAAAA,AGATTAGGT,CAACCCGCC,GTGACTCTA,GCAAATCCA,AGTACCATG,TCACCGCTT,CGTGCTGAT,AACGCTATC,GTCTGTAGA,ACCATCGAG,GTACATGCG,AACTACTGC,CTGTTAAGC,CTTATAAGT,TTCCATGAT,TACCGTCGC,CGTCCCACT,AATTTCCGG,TCTTGGATT,CCAGTCCTA,CCCGACAGG,TCCGGCGCG,CCCGTGTGC,GCTTAGCAA,AGAACTCCA,TAAGCATGC,TTCTTCCGT,GGCGAGCGC,CATGTATAT,TAGACGGTC,ACGGTTGAG,AAGCTGAAA,ACCTAACTA,ACCTCAGCT,ATGATGAGG,AGCGCGATA,CCTACATCC,TGAAATCTC,TCTAATATA,GCGCGTAGT,TGTGGATTG,AATCGACCA,CGATCCTGC,TCTAGCTGA,GGATACCAG,GGATATAAC,GAGCTTTGC,GCTTCCCAT,TGTGTTGAC,GCTGATTTT,GCTGGAACT,TGCACTAAT,GCGGAGTCT,AGAGCCAGT,ATTTCAATC,TGATCCTCC,GATTTTACG,GTGGAAAAG,CCAGAAGGT,TTGGATGCA,CTGAATGAC,TTGGCGGGC,TTTCATCCA,ATCTGCCAG,GCACTTTAG,TTTAGAGGA,GTGGCGTTA,GTCCAGACG,TACTTGTGA,GTCCCACAA,GAACACCGA,CCACATTAT,ACACATCAA,CATTGTCCC,CTGCAACAG,GCAACAGCG,CTGCAGAGT,ATTACTGGA,AGAAGAAAC,AGAAGTGCA,GAATTAGCG,GAATTACAC,ACGAAGTCC,ACGAAGTTG",100.0,23.187912966
100.0,10,"AGACCTACTT,AAAACGCGCT,GCCAACTTAG,ATTATGCGTG,GAGGCGACGC,AAACCGGTTA,CCGACCGTCA,TTGCGTGTCG,CCAATTTCAA,GGGGGCGCCG,TACGACTTAA,GGCAACCTTA,AACACCACCC,TCGCTCAGGC,ACGTAGTCAC,GCCGGATATG,AGCAGGATAG,ACAGTGCATA,TGTGTCCTTA,GAGCCCAGGC,CAGAGCTAGG,CACGCTAGGG,GCCCGGTGAA,CACCGTTACC,TAGGTTCAAA,AGAAACCACG,ATCGTTAAGG,CCACGTGGGC,GCCTATACCT,GTTCCGGGTA,GTGGCCGTGT,TACTACGTCC,GTAGAGTCCA,TTTTCATGCA,GAGTCGTTGG,CGTCGGGGCA,ACTATGAGAC,AGCGACTTCT,AGCTCACGTC,GTGAACTCGA,GTGACCATTC,GTTGGTTATC,AAATCTGGAT,TACTGTTACT,GCGGTCCCTC,GGGGCTGACA,CTCAGGCTGT,TTAAATAAGC,TCCGCACGAG,CGACGACCAG,CCGCTAGCTG,ATACAATTTT,ATTGGCAGAA,CGGAATCACG,ATAAGGAATC,AGCGGAGATC,CGGGTCTTTG,CATGTCATAT,TCTTCACATT,GAACGCATTC,CAGCGCAGCC,CGCATTGACT,AACTCCCTAA,AGGGCAGCAA,CCCTGGCCTC,TAGCTGACCA,TCCCCTCGTT,TGTCGAAAGC,AGGGTTTGGA,TCCTCTGCGA,CTCTACATGA,TGGTTTCTAA,CCCCATGATG,CCCAACGCTA,GCGATAGAAA,CCCCTTCCTG,GCGATGGGTT,TTCCATCCGT,GAAAGAGGTA,GTCCCTCCGG,GAACTTGGCG,CCTTACCTTG,GGGTAATGTA,TGGTTTTTTT,GTATAGTGCC,GTATATCTGG,TATCATCTAG,GTCTAATGTA,CCTGGGTAGA,CCTGGTCAGG,ATGAACGATT,GGTCTATAAG,ATGAGATATA,ATGACTCCAC,ATGATGGGAC,TCTAAGCTCT,TCTAGGGGTA,TCTAGTGTGA,CCTCCAAACA,CCTCCACATC",100.0,19.83797457
100.0,11,"TTGACCGATGT,TGGAATGACTA,TCACCCGCGGA,GTAGTGCTTAC,GATAACCGGCT,AAATGAACCGG,GGGTTTTGCGT,GTCTTCGATTA,TTGCGGAATGC,TTATGGGGAGG,GCCATCAAAAT,TGCTGAGTACC,CGTAAAGCTCG,CCAAGCGCGGA,AAATTCCCGCT,AGAGGGATCTA,GGTCTGAAGAC,CTACACGAAAT,TCCTTTAGGAG,CGTGAGTTTAT,ACCGATGAGGT,AACACGGTTAA,GGTTATTCAAT,CCTACGATCGT,TTTAGGTGGGG,ACCGGGATATC,CTGAAACCACG,TAAAAACGAGA,TTTCGCGACCT,TACGAGCGACG,ATAGGGATTCT,GCTAGCCTAGC,AGGTTTGGATA,GAGCGTGCTCC,CTAGCACCCCG,CGACATAGCAT,AGTTACTATGT,CGACGGACAGC,CTCGGGCTTCT,CGCGCATCGCC,GCATCGCATAG,TGTGTCCCCAG,ACGGTGGTAAT,GTGCTCTCGAC,CTGGATTTTAC,GTGTTAATTGC,ACCGTTTAACA,GTTTCAATAAG,TCAAGACCTGG,ACGAACGTATT,TCGATCTCTGC,ATAAACTCCGT,CGGGTCCAGGG,TTCGCAACCTC,CGCAAGCACTT,AGCACTGAATA,AGACATCGGGA,CTCTTCAACAG,AATTAGGGGTT,CTACTCTAATT,GCTGACCAGAT,ACTACCCAGAG,CTGACGATCTT,TACTTTCTGCG,GCAAGATGCAC,ACATAATGCCA,TATGGGGCTAT,CATGTTAACGT,ACATAGCCTCC,TGGGGAAGTAA,CCTCCTATTTG,CAACTGCAGTC,GGAAGAGACTA,AAGAGATGTAG,AACATGTAAGT,CCATATGTTCA,CCCCTTAATGG,GTAAACCCAGC,CATAATTCTAC,GAGATGTAGTC,GGACCATCGTT,GACCATTCCGA,GCTGCTCGCGC,ATGTTAATGAT,ACGTATGCAAA,ACGTATCCAGT,GTATGTGTATG,TGTAGGAGTTC,TAATAATGTGG,TAGGACCCCAT,ATAATAGTGAC,GAGGCTACCGG,GAGGCTGGCCA,TCCCGCCTTAG,TCCCGTAACTT,ACAACACATGG,ATATACAACAA,ACTATCCGGGA,AGACTATATCG,AGACTATATTT",100.0,68.503864744
100.0,12,"GATTATATAGGC,GATCCTTGACCC,TCCTAATGAGCG,GTGGGATATTCA,GTCCCCAAGTCT,GGTCAGAACGTT,TGAGAACTCTCG,CAAGTCGGGGCC,GCGAACGCATTC,CCTAACAGACTT,CATACTGACGCA,ACGATGACAGGT,ACTTCGCTAAAC,ACATTGTCTCTG,GCTAGCTATGTC,CACTGTAACATC,TGTAAAGGGCCA,TCACGGAGAATC,GCTTGTCCACTT,GGTCTCGGGGCA,GCCGTATTCGGC,CGAATAAGCCTC,CATCAGGTGGCA,GTGTTGGGACGC,TTTATCGACTGT,CACGCCAGATGC,ATGAAGGAAGTA,GAAGTCGCCAGG,TGGATCGAGTTA,TCCAGAGCATTG,AAGGGTCGTCGG,TAAGGATCACGC,GATTCGAGAGTG,ATCATGGAGACA,TTGTAGATGGAG,GAGAAAACTGGC,ATCGATATTGAA,ATGAGGATAGCT,CGTTTTGGGACC,TTAAATCGGTGG,GAATAGCCTTCG,GGAACTCATATT,ATGACTTATTAA,GACTACTGTTCG,GTTTTGAACCAA,CAGGGTACTGGG,TAAATTAAATGT,CCATGTTACACG,TGAACGATCTTG,GGGTATTCGAAC,TCGGAAAGCACG,TAAGTTCTATGG,AAATGGTATCCT,TCGGCTGAATGA,TGAATGGAGCGG,GTAATGCTATCT,CCCGATTGCCGG,GTCAGATGGATT,TCACGTACACAT,TATCTCCGTGCT,AACGCCTCGCTA,CACCAGTAACTC,TTTGTTGGGAAA,CTTACCCCGGCT,GCCAAAAACCTG,CCAGAATTGATC,CCCGCTACAGCG,TACACCTATTGT,CTCCGGACCGGC,GACCCAGGCGAC,GGACCATTTGGG,CGTCGCTCACTT,CACCGGGCGGCG,CGGCAACACCGA,CGCTCCCTCTCT,CATTGCCCGGCC,TTGCCATTAAGT,ATTAAGCCAATA,TTAAGTAACGAG,CCATCTGTAGCC,CTCACTTCTATG,TAGCCATGGCTC,ACTTTAGCGCGA,AGCGCTCGATTG,TCTGTTGGGATG,CGTCATGGTTCC,ATAGGAACCGTC,TCTCTGGGGCTC,NVTGCCCTCCAA,CCCGGTGACCCC,CCCGTCACTTAA,TCGTAAAGACCT,GTTATAGTGCTC,ATAGTTAGGCTA,GTTATGCCCGTG,TAGTGCACCCTT,CCGTTACAGTAG,CCCTTTCTCGAG,CGGTCGTATGGG,CGGTCGTGAACA",100.0,75.118105615
100.0,6,"AAAACT,AAAGGG,AGKTAG,GGGACT,ACTCGA,ATTYTG,AGAGAT,CAGVTG,TAGWCC,AACATT,CCYATG,GGTCAA,GGTTCG,GRATAG,TACTCT,CCTTAC,AACCAA,GTAGCC,TTGAAC,GATGGT,CCCAGT,ACTTAG,TAGCCG,ATCCCG,TTTGCG,ACGCTG,GCAATC,CCCGAC,TGCCTC,CTCAAT,ATCTAC,GTTTTT,GATTTC,CCGTAA,CKACAT,TTTCAG,AGCAGT,ACATCG,TGRCGA,TGGCTG,GCGGTA,CGAGCG,CGTGAA,ATGCTC,GCAGCA,ACCGGT,GKCGTA,TGCTAA,GAGGAT,TGAAGT,TGACCC,GAAGCC,TCACTA,AGGACT,AGCTCT,TCCTGA,GACGTC,ATAAGT,CTGGAA,TCATCA,GCTAGA,AAGTCC,TCCTCG,ACGTMC,CGGCAA,TAAGGC,GTGATA,GTCATC,TTATAT,TTATTC,ATGTGK,TGTAAA,GTACAA,CACGGS,CGGCTT,GAGTGT,AGTGGG,GAGTCG,AGTAGT,AGTATC,ATGTTM,TGTGTG,GCGAAY,CGAATG,GAATGA",85.0,5.414901611
100.0,7,"TTTCCAA,CTCAGGC,ATCAGCA,CTGAAAC,GCGGCGA,ATGAGGA,ACCAGCG,TGGKTCC,TGGGCCA,TGAYAAG,GGGGAAA,TCTATAC,AGCGTCT,ACACTTT,CTACGTA,TCTCTCC,ATAACTC,TACGCAC,GTTGCCT,CCCTTCT,TTGAAAG,GGTAAAG,AGCTAAC,CTTCCAT,CTCCCCT,ACGTATT,TGAGATG,TAGAMCT,GGGTCTT,AGTTCGG,GGCGTGG,AGAAGAA,CAACGTG,GTCACCG,CAATAGT,GTCCTAC,GCTAAGC,ATCGGGT,TCAAAAT,TCGGGCA,TAGACAG,GTGCTCC,CACTGTG,GAAAGCG,GTATAGA,CACTTAC,CGGATCG,TAAAGGT,TAGGAGC,GTGTATT,GAACCGC,GGCAAGA,CGGGACC,ACCGAGA,TGCATTT,GGAGTAC,CCCCAGA,CGGCAGC,CGGTGAC,TTAATTA,CCGTATC,AGTAGCG,TAGCCTA,AGGAAGC,AAGATCC,CCTTGTG,AGGGACG,CTGCGAT,CTGTAAG,AGGGCAA,GGGCCCG,GGCATCA,GGCCCAG,GCAAGAG,GCATGCT,TGTCGTT,CGTATTA,GGGAACT,GGACTTG,GGGAGAG,GAACTGT,GATGCTG,TAAGAYC,AGACGAT,TTAGTAT,TGCCWGA,CCATCAT,CCATTAC,TGCCCGT,TGCCTGC,TCCGACA,TCCGATC,GATTCAC,GATTCCG,ATTCCGT",95.0,6.220455291
100.0,8,"GCTATAAC,AAGGCGAC,TAAATACG,GGTCGATT,TACAGCTC,GCTTCGGC,GACACAAT,GGTCTCTG,GGAACTAC,CTGCGGAG,AAGCGAAT,CCGATGCA,ATTAGTAA,CGGGGACG,GAATTGAG,TGCACTCG,CTCATTCA,TTACTAGC,GTACCACG,TACCACCC,TTCAGCAC,TGGACCGC,GGGCAAAA,ACACGCCT,CTAGACAG,CACAATTT,ACCTTGCT,CTGTAGAT,CGGCGCCA,GCGTAAGC,CTTGTCAC,ATCATAGC,ACGCTGAT,CGAAAACG,GTTAAAGG,GAGTCGAG,AAAATCTG,GTCACCTG,ACATCGCG,GATCCTCG,CATCGGAG,CACGCAAC,GCAGCGCT,TCGGAGTT,GGACAGTT,AACCGGCC,GGACTTCA,CGCGACCT,TTTGTTAA,CTTTCCAC,AAAGCACG,TCGCAACA,ATCGACAG,GCAGTGTG,GTCTCGTT,TGTTAACC,AAAGTGCT,CTCCGGAA,GTGAACGT,CCGGTTTA,CGGTTTTA,CAATGGCA,GCCAGAAC,TGGCGAGC,GTGCGACG,CAATCCGG,ATAGGTGG,CTGAAATA,TTAACACT,CTGAGGCC,CAGCACCC,CAGCGACC,CCAAATTG,AGTGATAA,TTCACTCC,ATAGTTAA,GTTCATTT,AGAACGGC,AAATTTGT,TTCATGAA,TGAGCCAG,CCACCAAT,TGAGTAGG,AATCTATA,TTTCTTGG,TTCTCGTA,TCTAATGC,CTATTCGC,TAATAGAC,TCGTGGGT,ATTTTATT,TTATCCAA,TTATTCGA,GTAGAAAA,AGTTGCCG,TAGAAATG,TAGATTGG,GTAGTTAA,GTAGTTTT,TAGTCTGC",100.0,12.179038369
100.0,9,"GTAGAGGAC,TACCACAGT,TGAGTCAGC,CAAGAAGAC,AAGGACAGG,GAGACGCAT,GTTAGTAAA,CACGCCGAA,ACTTTGACG,CACTCTTTA,GACCAGCGC,GGACACGGC,TCGGCTACA,CGCAACAGA,AGTCCTGCC,AAAGATAAC,CCTCCCTAG,ACGGCCCAG,TTTACCGCC,ACCACGAAG,TTCACCCTG,TTCGCTGCA,AAGCATCAT,TTCCCTTAC,CTCACCCCC,GTTATCGGG,CCGCCGAAT,CACCCATTG,ACCCGAACG,GTTCTGGGG,GGTGTCCAC,GATAGAACC,TTATACAGC,GAGTAAACG,AGCGGATCC,GCCGGCGAT,GCCCTGCGC,CTTAGATGG,GCTTCAGCT,CGAACATGA,CGGCGCCTC,ACTACGTAG,AACATCAGA,AAGCCTGCC,GTGTCTCTC,CCATCCGAT,CATGTCCAT,AAACGTTTC,GATGGAGCC,TAACTATCC,AACGTTTCA,TCCACACAA,AGCAAACTT,CAACAAGCC,TTGCAGAGT,TATCCCACA,CCATTGTTC,GATGTCGAT,GAATCTGCA,CTGCGGTCT,TCTGGAGAT,TGGTGATCC,TGCGTGCTG,AATCCGATT,TATTAGTAG,MGTTGGCTA,GTCGATCAT,TTGCGGGGA,AGTTAAAGT,ACAATGTAC,ATGTCTAGG,TCCCTAATA,CAATATCGA,AGAGCAACA,CGTTCGAGG,GGCTCTTTG,AGAGCTTTA,GGCTTTCGA,CGTGGATTT,CGTTTGAGC,ATATCTCTC,CTAAGAGGG,GCGGGCCAG,ATATTTTGC,NVTAGTGCC,GCGGCGTGC,GCGTCCTAG,ATGAATCTG,GCACAACTC,GCACATAGG,ACATATGGG,TCATGGTAA,TGGTACGTA,CTAGCCTAC,CGGGCGCCG,TAGCCCGGC,GCCTATGAC,CTTCAGTAG,CTTCATTCA",99.0,19.056890519
100.0,10,"AAAATCTGCC,AACGTTGTTT,TAGTTTGCGA,GCAGCAGATT,CTCCTAGGGC,AATGCTCAGG,TTATTGACGG,TCACAGGTGC,AACCCGAGCT,GAGCGTGAAC,AGGATAAGAC,GGAATCATAA,GAAGCTATAG,TATTCCTGGA,TTGAACAAAC,ACCTGCTAAA,TGTCCACTGT,TCCATATCCG,AGTGCTTAGG,CCTGCTGTTT,CAGCCCAAAC,ACACATGGTG,ATGCCGTTAA,CGGAGCTAAG,CTGATCAAAA,GGACATTGCC,CTGTTTAAGC,GTCTATAGGA,TTGGACTGCA,GGTGCCGCTA,GGACGGAAAG,GCTACGTTTA,TGCAACACCA,TCTACACGAG,GTCTCTTGAC,TCATGTCTCC,TGAATACCGG,ATACGATGTT,CATGTTGTGT,TACACCACAA,CCACCATTCA,CGGGGTTCTG,CGTGCACACT,AATAACACAG,AAAGAATAGG,TAAGGCGGAG,AGGCATTCGA,TGACAGAACG,TAAGTGCCCG,CGATCTGAAC,AAGCCCAATT,ATACTGCGGC,AGCCAATCGA,CCAATCCGCA,GAGAATAAGG,ATAAGCAACC,GTCCGTTTAC,CACAGGTAGA,AAAGTTTGCG,ATCTGCACGG,GCGTTAGCGC,TACTAGATGG,CTAGAGGTGA,TCAAAGTCCA,AGGTGATCTC,AAGTCCGCAA,CGTGCTAACG,TAGACGACGC,TTCGATCGTT,TGTGATCATT,TGTGGGGGCA,GTGGGTAACG,TCAAGAGTAA,TCTTGCCGAT,CAAGATTTTG,CTTAAATATC,GGTAGCACTT,GCACCAACTG,TTTTCGGATG,GAGAGACAAA,GGTATCAAAT,AGACCGACGT,CTTAACAGGG,TTAAGCGAGC,ATTCTTAGAA,TTCTTCCCAA,TCTTCGCGGG,ATTTGACTGT,TAATTCCCTT,TCCCTTGAAA,TAATTTGGTG,TACTGCCTCG,GTACCGAGCT,CTCGCGTAGT,CTTGATCGGC,GTACTGAAGG,GTACTTGTGC,GCGAGGTACA,GCGACTCGCC,GCGACTTGCA",100.0,28.447924497
100.0,11,"ATAATCTAGAT,AGTGGGAGCCT,CGTGGGCGTAC,AGTGTGACGTA,AATTTAAGGCG,AACCGGTGTCT,TAAGGGACACC,ATAGAACTTTC,AAATAGTCGGA,AGATGGTTTGA,TTAAAAACTAG,CCGTCTGGGAC,CAGAGAATCAC,GTGCCGGCTAA,GCGGAATAGCT,AGATTTTCTGA,AGGTGTCCGCC,GGCAAGGACTA,TAGGATCTCGG,ACCAAACTGTC,AAAATGAATAC,GAATGCCAGGC,TAGTACATTTG,CGTGCCGCGAA,TCGACGAGGGG,ATTGGTCACGA,GAGTACTCCCG,AGGGACTGTCC,TCGCTATCCTG,ATCAACTCCCC,GCCGAACATAT,TACATCACCAG,TGCACCTGATT,TATGGCATGAG,GACAGTTCACA,TCAGCAAGCGC,AGGAAAGTCCA,GGCAGTCATAT,GCCGGACCCGT,ATGGAGTCATA,AGCACTATGAA,CGGGACGCGTC,CCGGGGTCCGT,GAAAGTCCTCC,TCCTGGGAGTT,GCGCACACTCG,ATCCAGGATCC,ATACTACCGCT,TGGAGATACAA,AAGCATTTACA,CAGCAAGCGGA,AGAACTAGTCA,TCTGGGGGTCG,AAGCTGCCTTG,TTACTAGTTCA,GGACGCGCGCT,AGTTCTCCATA,GTTCCGCGACA,AGGATTCAGGC,CCAACAACGGC,GAAGGGCGTAC,TATTTGGTCTT,CACTCTCTCGC,CATATGCTCAC,CTCCCCAATGG,CCGCAGCGAAT,TGATTGCTATT,ATTGTGTCATA,GCGTACTAATT,GAAGTACCGGT,GACATGAATCC,ACCGAACTTGT,CTGACAAACAA,TACCTAGTCAC,CAAACTTAACA,CTATCATCAGG,GCTCGAGACGG,ACCTTTGTAGT,TGAAGAACGCG,NNAGGGCTTTT,GAGGGGGCGCG,AACGCCTGTGG,GCCACGTATTT,TAGAGGTAATC,TAGAGCATGCA,TGTGCACGGCC,GTGTTGGTCCT,ACGTCAACTTC,TCTGCTCACGT,TGCTGAAGCGC,GCTGATCTAAC,TCTGTACGAGT,CTGTGTCCCAA,TCCCATCGGCC,ACGAGCGCGCT,GATGAGCTTAT,GATGACGACCT,ACGAGCCAGGC,GCCCACGCGTC,GCCCACCCTCA",100.0,28.474625442
100.0,12,"AGGGGTTTGTAC,TACGATCATGGC,CTTACATGACTG,TGAAGGAAGACG,GGGTTAGGAAGG,CTCATGGAACCC,ACCAATATCTAC,CAAAATGAGCAC,CATGCGCCTGGT,CTGGGGGTGTAA,TAGAGGAATGGT,CAGGCGTTAACT,GGTGTCCGTCGC,GAACTGAGCAAT,CTGACACCGGTC,ACTGTGGCTAGT,TAGGATGTACCA,AACCTCCCAAGA,GATCAGAGCTCT,CTTTACTTATGC,TACACTTCACGA,TACCCCCGTGAA,CTATTGAAGAGC,TGACACCGGACT,GCAATGGGTGTA,TGGCTAAACCGA,CGCGAGAAGACC,TCACAGTAATAT,ACCCCTGCGAGG,TCCATAAGTAAT,CGCGTAAGAGGA,CCCCGCAGTTCT,AGATAGTTCCCT,ATAGTGGCCCCC,AAATCTACTATA,TACTCCTGTTGC,GCGTTCGGCCAC,CACGGTCCGCCG,TCCGACTAAGTC,AATACCCAATGC,AGAGTAAACACT,ACGGACAGAACC,GTGTACATCGCA,CTCGTGATTTGA,TGTGGGTAGCCG,GAATGTGTCTTT,CCCACATTGCAT,AACTCTTAGTTA,ATCTAGTTACAG,ACAGAGCGGAAC,ACAGTCCAGAAA,TGATGGAAGTGC,TTCGTCGATACT,AACAATGAGGGA,TTGGTAGTTTAT,GTAATGGGGGTG,AGCCGATGCGAC,TAGCATTTTCGG,GTGGGGCTAACT,CCCATAGCTATC,GGGCAGTCGTCG,TCAGCAATGGAA,GTCGAACACAAA,CGTCTACATGTG,CGATGAGGATAT,ATAAAGGTCTTA,ACATGTCCCACA,TTCCTTGCAGCC,CGATTTTAAGTG,ATAAGTGCACAC,TCCCTCGACGAA,ATCAGTATCTCT,TGCACTAACGGG,TTTAATCCTCGG,TCGACGGATACG,GACGACGTCCGC,TTTCAGCTCTAT,AGTGGTCGGTCG,ACGGCAAGAAGA,CGGCAAGAATCT,TATTGGTTTCCC,GATACACGTTGC,AGCCAGAAGATG,CGTTGACCCGCC,TCGGAAATGGGA,AGCCACATATTT,TCGGTGCTATTG,ATTGCTAACTCT,GTTACAGTGATA,CAGTGAGTTAAG,HDGTTAATCAAT,AGTGCCCTATCT,CATCATCCAGTG,AGTTAAATGCCG,TTAAAGAAAATG,AAAGAAGTAGTT,AGCTTGTAACCA,AGCTTGTCATCA,AGACCGAGGTAC,AGACCGTGGAAG",100.0,52.31442348
100.0,6,"GCCTMA,GCCCAG,GAYCTC,CGTGTC,AKGTAC,TACAGT,TACTCA,CGTTTT,SGCAAG,GGTATC,TATAGG,TATTAC,ATGTCC,CGCGCT,GGARTC,ACACAG,ACATGG,GGAAAT,ACGAGA,GAGTAA,TGACGA,TAGTSG,AGTAAG,GGTCAG,GGTCCT,AGTGTA,ACAAGC,GCACCC,AGGACG,GTCTGA,CCGCAC,CCCTAG,CCRGGC,AGGCTG,GCGACT,ATCAAG,TAATTA,AAGATT,ACAACA,CGAAGT,CGACTT,ATTTGA,MCGGGG,GCTTTC,CAGCTA,TAAAAG,TAAACC,GAACYG,GAACCT,AAATGC,ACCTGA,GGCGTT,GAATCA,ACCCGT,ACCCCA,CGGCGC,TTTGAG,AATCGT,AATCCA,CTTAGT,CCAGCT,CCCACC,GACGGT,ATCCAC,ACGGCT,GCTGGY,GGACAA,GGACGC,CTTTGC,TGTAGT,CTTTTT,TTTCGA,CTGATT,HBAAAA,TTTTAT,CTCTGT,CCCATG,TTGAAG,CTTCAS,TCTGAC,TCTGTG,CTCCGA,ATTGTY,ATTGAA,TCTCCA,TCCCTG,TCTCTT,CTCCCT",88.0,5.708869041
100.0,7,"GAACCTG,ATCGGAG,TGATGGC,GGGGCAC,ACGATCT,ACATGGT,AAATAAG,AGGCCGT,TAAATGC,GGGCCCT,AGCATTT,TAAGGTG,GTGACCC,CCGAGAG,TAATTCC,ATGTGCA,GTGGTGA,ACCATGA,TATGGTT,ATGTTGG,GTTTTAG,GCTTCTG,GACGCAG,ATACSAT,GCTAGCG,CCGGTGT,GGCAGCG,ATACGGG,GCATTAA,CAGCGAT,GCTATAG,ACGCTTA,ACTCTAA,GCTCCCC,TGCTCTC,TCCGCGA,GTAGGGG,AAACAGT,AAACCAG,CGCGTGC,AGCCGCG,GTATTCT,CTTGACG,GTGTGGA,GTGTCCG,TACAATC,CGAGAGC,TCCAAAT,AGCCTCT,CAATTTA,TTTACTC,CCACCGG,TTTGGGC,TTTTGAG,TCCCAAA,GACTATA,ATTTGTA,AATTGCC,GGAAGCC,CTCGACA,CCGCCAA,CTCCACT,TATCTAT,GAGGGGG,CCAAAGT,CTCTGTG,CTCTCAT,GAGGGCA,TTGGMCC,GGCCCTT,CCTCGTC,TTGCGGT,CTTCGCT,CTTCCTC,TTGTTGT,TCAGACA,TTCACCG,CCAACGG,CAGTACG,TGCAACT,GTACGAC,AATATTS,TACGGGT,NSAGCCG,GCGACGT,TGCAGCC,TGCGATM,AGTCACC,AGTCATG,SSGTAGC,CGCCGYT,CGCCAAT,CGCCCCC,GCCGGAC,GCCGTAT",95.0,7.686809757
100.0,8,"GGTGGCAC,CCAGCAGG,AGACAGGC,GTCTAGCA,GACGATAC,GGTCCCTT,CCGATCTG,ACAACGTG,GCATCAAA,CAGATCCT,ATGACATA,CAGTTTCC,AACATTTC,CCGGCCGT,GTCACAGT,TGAATATG,TGACAGCC,GTGATTCC,AACGTTGA,TATTTGAC,CACTGGTT,GAACTTCA,GCTCGAAT,CACCACCG,GTTCGTTC,ACTGTCGG,CAAGTGTT,GGAGAGCC,ATGTTAGA,AGCACGAA,ACCAGGAG,AGGTAGGT,GKACCTTA,TTCGACCA,CAGCCTAT,TACGCCGT,ACCTACAC,CCATCTTC,GATCCGCA,GCTTGTCG,ATAGGGGC,TGTAAAAT,GACTATAG,TGGCGCGC,TGTGCATA,GTGCTACG,CTCGATTT,GTAAGTCC,GACTCCAG,GATAGATA,TACGTCCT,GTAGGACC,GTCTTCGC,CGCAATTG,TAAGGAAG,TAAGCCGC,CAATGCGA,TCGGTATT,TAGAGAGT,AGAGCCTC,GGCGTGGT,GCGTTATA,GTACATTC,TTAAAATC,CGTCCTAA,CGTTACTC,TACTCTCT,CGCGGTTA,CGAGTCAA,GCGGCAAA,CGGCAAGG,CGGTAATC,GTGGAAGG,AAATAGCT,GCGAGGGC,GCGATAAA,CCTATACG,ATCAGCTA,CTCTGATA,CTCTTTAA,GAAGGGTA,GAGCCGTA,ATCATCGA,CCCCGCGT,TCATAATG,CATCGTGG,AATTCCTC,TCCTACTG,GAGCCCCC,GCCCCTGC,GATATGGA,GATATCAC,CCTAGGTT,CCTAGTTA,TAAATTTC,AAGGAAAC,AAGGAGTG,TAAAAAAA,TAAAAACC",99.0,10.525317761
100.0,9,"AGATTAGCA,GATGATGAA,CGCTCTCTA,ACGACTCCT,GAACTCTGA,TGCAAAATG,CGACAAAGA,ACATGAGAA,CGTACTTTT,CCTTTCGTA,CAACCTTAG,CATGAGAGC,AAGACTGGC,TCACATACC,CACAACAAC,AGAGCTTAC,GGGCCGAAG,AAGATCATG,TCACTGTGC,TCATAACTG,CAATCTCCA,CGCCATTGA,GACACGCCT,GTATATATG,CTGGGGGGA,GCGGGGTGA,GCGTGACTA,GATGTGGGT,ATGATCGTC,TGGGTTCTC,ATGTGAAAT,CGCCGGATA,TTTCCTCTT,CATTACCTC,CATAGGTAA,CCTCGAGCA,CGTGTGACT,CCTCTAAAA,ATAGACGTA,TCCAAGGGT,GAGGCTACG,AATTGATCG,CAGAATAGT,AATTCTGCA,ATTAACCTT,AACCCGGGG,TTGCGGATC,TCGGAGTTT,GCAGCTGAT,CAGAGTGGA,CCTACCTAC,ATCTGTCGA,CGCGAAGCC,ATTCCGTCT,TGAGCAGGG,GCACCCAGT,TAGACCTAC,ATCGCATAG,CGGACCGAA,GGACCACCA,CACCGTAAA,CCGTCAACC,GTCGGCACG,GAGGTTGCA,GCCATCATT,TCGCGGAGA,AGCTTAGCG,CCCCCAACG,CATCGGTCC,GAGTCAAAT,GAGTTGTGA,ATTGCTCAT,CTCTTACCA,ATTGTTCTG,GCTATGCTA,CTACAAACG,TGCCCGATT,CGGCCGTCT,TGCTGTGCA,TAGCTGTGT,TGTGACTCA,GACTGCCAA,CTGCCTGCG,TCAAATTTT,TCAAGGTTA,AAATTAGGC,AATTTTTTC,TCAACTACT,TTAGCGGAA,TTAGTCCCT,GTCCCATCC,TCCCAAAAG,AGTCGAGGG,CGTCTGTGA,CTACTGTCT,ACTGACTCC,AGTCTCTGT,AGTCTTCCT,GGACGGCCA,GGACGTCAT",100.0,21.617464392
100.0,10,"CTAAGGCATC,AGCTCCGGTG,TACAGATAGC,TTTTGGCATA,AATGCAACCA,GCTATTATGT,CATAACCTGG,CGTAGCGCAC,TAAGATGGCT,GCTCTGTGTC,AGAGTGACCA,ACACTACACT,CGGATAAATT,TCTGATGAGG,TTTGACGGAT,AACCACTGCT,AAATTTACAT,GTGACTGATT,CGGCTGGCAC,GTGCCCAATA,GGATAGAATA,TTGACCACTT,TCCTGGCATC,CCGAACGATA,GCAGTATCAG,AACTGGCGGG,TGTGGTAACA,GGTGTATAGC,TATAACCCAA,CGTGGAACGG,AACGGACCAT,GCGACACGGC,GGCACTCGGT,ACTGCAATAG,ATTTAGAAAT,GGATTGCATG,GTAATCTTAT,ATTTGTGCTA,TGCATTGATG,GCTGAATCGA,ACCAGCGCAA,CTGTACCGTA,AGGCCTCAAA,CATTCCAGTA,TTCCATTACT,TCCATCTCAT,GGGCTTTGGC,GCGGACTTAA,AGAAATCTAT,AGCCGGGAAG,GCGCACCGAG,GGACCTAGGT,TACCGCTACT,TCATCCGCGT,CCGAGCCCGA,GCAATTCCTA,AATTGTCGTA,TTGGGTCACA,TTCTCTCAGA,ATTTCGGTTA,AGCCTTACCC,GCCGGGGTAT,GCCGCGTTCG,TGGGGTAGCC,ACCACCTGGT,CCTGCCAGGC,GACGGAATAA,AGGCTGTCGA,TGGGTCCAAA,GCACCCTATC,NNAAATCTTG,TTTACCCAGC,GCCCACACAT,CATCACGAAA,CACCCTTTAC,CCCCTTGCAG,CCTTTCGAGA,CTTTGGTCAA,AACAGCATCG,AGGGAGCAGG,AACAAATCAT,TTCAAGGTGA,AACAAGAACT,TTCAACTTGC,GTGGGGAACT,CAGGCGGACG,CCCAGGGTTG,ATCCCGTTTA,ACGGCCCCAG,GACGAAAAGG,GACGATCCCA,ACGATTCGAC,ATTCAGACTG,ATTCATTACC,ACGGGGGGAG,ACGGGCGTCC,TGGCAAAAAA,TGGCAGGGGT,GTGTTGCGAC,GTGTTGTGGG",100.0,27.029146191
100.0,11,"TTTCTCCACCT,GGAGGGACCCA,AACCATGCCCC,ACTTTGTTACG,GCCGGGTAGCG,CTCCCTGACGC,CATATTCAAAA,GAGGTCTTATG,GGGTGATATGC,CGCCGKCAAAT,TCTCGTCCGGA,GATACAGAGAA,GGTGACCAAAA,AATCGCGCACC,GAGTAAGCCAG,TAGTTAGGAAT,CCTCAGGCACG,ATAGTGACCCA,CTTAGCATCTA,AAAAGTGTAAG,GGACATTATTA,CGTCCCCAGGC,CGTCTTGGACT,CCGAATTAAGC,ACATGGTTTTA,AACAGATCCGC,AAGTTGATTGA,TATGAGGGAAA,CGGGCTAAAAA,GTTACCAGGTG,CAGCAACCCTG,AGCCATTGTAA,AGGTAATAAGA,TTGAGTCCTGA,CCTGGGCTCGG,ATAAGACTCGG,CTTTGCTGTGA,GGGGATGCGGG,TAAAAGAGCGC,AGTAAAGCCCG,TCATCCAACGA,ATGGCTCGTAT,CGGAGCGTACG,GACGGTAATTG,TAAATACCCGA,TTGCCAAACAA,GTACATTCGTC,CGTGACATGTA,TGGGCCTACGA,ACATTCCATCA,GAGTCCACGAG,TCCAGCTGTCT,TTCGAAAATGC,GTCTGAATGGA,CCAGCACGCGG,TGGCATCCGGT,CTGCTCAACTA,GCCTGACGCTC,TATTGCTTACT,TGACCTATTTC,AGCTAGTGCCT,TACCCCTAGCT,ATCGCGATGCG,TGCCTAACAGT,CAGTCTACTAA,GTCTCTGCGCG,TCGTAGATGAT,TGCATGTCGTT,CCATCTTATCC,GATCAGGAGCT,TCTTAGGTTGG,ATGTGCGGTCG,AGAGCAAGTTA,CTATCACAGAG,TATCCCGCAGT,TGCATTGGGGG,ATTGCGGATTC,GCAGACCAACG,CAGAGTAGGTG,AGACCAGATCG,CACAGTCAGGG,TGCAGAACGTC,TGCAGCGGATA,CCAATGAGATC,GAGATGGACGA,AGATCCATCAC,GCTTGGCGGAC,ATCCGGTTCCC,ATCCGTAGTGC,GCTTGTATGTT,CTATTATCACC,TGGTCACTACC,TGGTCGCGTGT,TCACGACATAC,TCACGGCCATC,CGTTTACCCTG,CGTTTGGATAA,GGCCCACTAAG,GGCCCTTCGCG",99.0,34.40369735
100.0,12,"GACCATATCCCC,CTAATATTATCT,GCCTGCTGCATT,TTGGAAGATATC,AACTCCAGGTGC,ATGTTCCACGAA,AAAGATTATCCT,AGGTCCCTTCCT,TTATAAGAATAG,CGCTCTGGGCAG,CAGCGAAGAGTG,TACGGTGGCTCC,AGGTTCCTGACG,GATATTGGTAAT,TTACGCGCCAGG,GATCGTATGGCA,TCAATTTGCAAA,TCAGTATGTATA,AGCGGGGCAACA,GATCTCTGCAGC,GATTGGGGGAAA,CCAAGGCACGTC,AAGTAGCATCCC,TAAGAGACTCTG,ACTCGAGTCGTC,TCGAGTCAACGC,TCAGTTGACGGT,CACCCCATGTAG,GGGTAACGGTAC,AGTACCTTGTTG,CGGTAACGTTAG,CCATAGAGTCAG,AAGATGACTTCT,CCGTAGACATGA,ACAACAAAACTA,GCGAGCGCATTT,TGTGTGGCACGA,AACCTCCTCTCC,GGAAACTATGCG,GAGCACGTAGTT,CTCTGGGGCCAA,CAGGCTCAAGCC,TGTTAGCAGCTT,TCCGGGTCTGGT,TCTGCAATGTAG,CGAGTTCGCATC,GTTCTACATGTC,TTAGCGCACCTC,AGCGCCCGAGTC,GAGCTCATAGAA,TGGTGAACATGC,GAACAATAACCT,GTCAAAAATGGA,GAGTCGGACAGC,TAACGTCTCACA,GGGAGTATGGTG,CTCATTCTGTTG,CTCCATAACCCA,AGTTTCTATGTC,TGGTCGGCGGAC,AGTGGGAACTTT,AGTGCGATTTCG,GCTAGCATGGGT,TTTGAATTGATT,AACATGTCATAG,GCGAATTCCAGC,TTTCTATTACTT,CATATAAATACG,CGAACGTAGCAA,TCAAGCTCCTGA,TACTGATAAGCT,TGGGCGAACTAG,TGGGCTGTACCC,TGCATAATCCAT,AATCCCACCACA,TCGTAGCACGTA,AGATGGTTCAAC,TCAAAAGCCAAC,AGATCACCTGCG,AGCAGTCCGTAC,TCAAAGGATCAC,AGCACTGCGGAT,TCCTAACTAGTG,AAGTGAGCATAC,AACTAGGCTGAC,AACTTTGCACAT,GCAGAAAATGTC,CTAGCTACTAGA,CTGACTTCGTAC,ACTAGGCTGAGC,GCAGAGACCCAC,GCAGACGTGACC,ACGTAAGAAGCC,CGTAAAGTCCGT,AAAGTCTTTGCC,TGACTTACAGGG,AGAAGGAGTGTG,CACAGTTGCGTG,GCTGCTCTTCCA,GCTGCTTCACAG",100.0,71.086500651
100.0,6,"CAAKTT,GGGCTA,TTYGTG,ACAAGA,GCCMGT,TCTCWG,TCGTCG,TTTTAC,AAAACA,AAATGA,GGAWGC,AGTATG,CWAGGA,AGTCAG,GATGCG,GGCGGC,GCTAGG,CAATTG,CCCCTG,GATCTC,GGACCG,CCTTAT,ACCTGG,ACTATA,GTAGGA,AGGCAC,TCACAA,ATTGCT,CTCATC,CTCGCG,ACTTAA,RCGAAA,GCATTC,AYGTGG,TCCGCG,CGAGCT,GTGCCA,CCGTAT,AATCCC,ATAATA,CAGCTC,AGCAAA,AGCGAG,TCTGTC,TTGAGC,AATTAT,GCGGAG,CTGCTG,TGCGTC,TAGCCG,CGRCAA,CCGAGT,CKATCG,CGTAAC,GTACGC,TACGTG,CGACAC,TTAACR,ACACGG,TTATCT,ACGTGT,CGTCAT,TRTGGA,AACAGA,TGTGGT,TGGTGG,TGTTAA,GTCAAA,TTTCAT,CCGTTA,TTTCGA,CCCGAA,CCCGGG,ATGTCG,CCGGGA,CCGGTC,GTTCCC,TAACCC,CTATAM,TAACTA,TTGGTY,GGTTCA,TATATT,TATCAA,TAATGW",85.0,4.602574212
100.0,7,"AGCAGCG,TGAGAAA,TGCCGCA,ACGCTTT,AGCGAGT,AGCCAGG,GGCAACA,ASAGGAA,GCCTTTA,CCTATAC,CCAGTTG,TTCAATG,AGGGTTG,TTCGGCT,TCTCGAA,AGACTCA,GATATCT,ACAAAGG,CTAAMTC,GGCCGGC,TGGAGTC,ACTGGCC,ATGAGGA,CCYTGTA,CTTGAAC,GACACCT,GGAGAGT,CTACTGC,CGGAGCC,GAACGGG,GTTGCTT,GGTGTGT,ACTGTGG,GAGCGTA,AGATAAG,TTAGTTG,ATGGGCC,CGGGATA,TTTGGGT,CCCTGAA,TWACGGA,ATCTTAA,AGATTTC,ACGTGTG,TTACCTT,TTATGTA,CAATAGT,CGTGAAG,TTGAAAT,CTCCGAA,CCGAAGA,GTTTCCC,TGATAAG,TGTTGTG,GTAAGCC,AATAAGC,GTGTGAC,CAGWCCT,ATAAGTC,TAAACCT,AATCGCG,AATCCTC,GCTGGGG,ATCCAAC,TCGGTCT,CAACGAT,CAACCTA,AACGATC,AGTCACG,ACCATGC,GCAGCTA,CCTCGAG,AGCTCGA,ATGCTAC,TCGCAAG,ATGTAAT,GTAGAAC,GCACCCT,GCGTCGT,AAACATT,ACATACT,TACGAAA,AAACTAA,GTGCACG,TGCAGGA,CAGAGGA,CAGACCA,AGTACCA,AGTATGA,TGCGAAG,GTGCGGS,TGCGCAT,AGTAACC,AGTAATA",94.0,7.108185163
100.0,8,"CACGATTT,AAAACGAT,ACGGTGAG,CACTATAG,AGAGTTCG,AATGAATT,GAAGATGA,TAGSCGAT,GAAGGTTT,GCCGCTCG,CCGCTGCG,CCGTCTTG,TAGTGAAG,GTAAAGGG,CCTATGGC,GGATTGCG,CGGAGCCT,AAAGTTTC,CGAGTCTC,CAAACGTG,TGACTGGT,CAGCTCCA,AAATATAT,AGTGAACC,GCCTAGGT,TGAGGGGG,AGTCGGCT,AGCTATGT,CCTCAAAT,CGGCTTTA,AGGAGTAG,GGCCCATG,GAGACGGG,CTACTTCC,CAATACTG,AAGCGCGA,TCTGATCG,TYTTCAGA,ACTCCATC,GAACTAGC,AGCGCAAA,TCTTTTTG,CTGGAGTG,GGAGAATC,GAGGCGCA,GCCCATCC,TGATGAGT,AGTTGGTA,GGGGCATT,TGTGATCT,CATCCCCG,ATACAGTC,CTTAACTT,ACAGACTG,CCCCATTA,GGTGTCTC,GCATTCAC,CCCATGAT,CGTGCAGC,CAGACACA,GTGTTGTC,GTTTGACA,TCCAGGGG,AGACGTGG,CGACGAAA,AGCGTTCT,GATGCAAC,GCGAGCCC,TTGATTGT,ATGGCGCA,GCAACCTC,GAATCGTG,AATCTCCT,CGTCTCTT,TCTCGAAT,GGGTTAGA,ATGCTTTG,CTTTGTGG,GCAGGGTC,GCAGGCGC,CGATTCAA,TCGAATCC,TATAAGTA,TCGTATAA,ATTCAGGC,AGGGGGGA,TTTCAGGA,GAGCGATT,TTAAAGGT,TTAATAGT,TAATTAAG,TTCGATTG,TTCGTGGC,ATTAACAT,GATTTGAG,GATTTTCG,GATGAGAT,GATGAGCA",98.0,10.951264982
100.0,9,"CGTACTTGA,CTAGGCAAA,CACCCGAAT,GGGACTGAC,GTGAAAAAA,GGTGGTCTC,CCTGACGGG,ACGTCGGAG,CTCTCCATT,AATCCGGTA,GAACAATAG,GAGCGACAC,TCATCGCTT,AAGGGGCCA,TAGGAGTTG,GTTAACCGC,CGGTCCCAG,TTTGATGCA,CCCTATGCT,GATGTCGCG,TGGAGAAAA,TTGCCCGAG,ATTTACGCA,GGATGGAAG,GGCCCGATT,GGGCCACGC,GGGTCGAAA,CTATCTACA,AAACTCCGC,TGTACTAAT,GCGCTCCCA,TCCCGGAGA,GGCTGTAGA,CATGAGCAC,CAACAAATG,TACTGCGGT,CGATAGAAA,CGTGCACGC,TAGAAACAG,GTAACCAAC,GCACGCTCG,GGCTTGAGT,TCTTATTCA,TCGCCATCA,ATGAGATGA,TTCACTGCC,TCTTCAGAC,TGTCCGTGC,CTGACCTAA,ACTAATTGA,TAATGATCT,CACGATCGT,CACGCCAGC,CCGGGCATT,ACTGAACTC,CTGTGTGTC,GTGTGTTTT,AACTTCCTT,TGTTATCCA,GTCGCTTAT,GATCGCAAT,GCGTAAAGG,CATCGCGGT,CGGGAATTG,CCACTCCGA,AATAGTACA,CGGGCTTTC,ATGTCAGGG,CTTTCGGAG,GCATTATCT,ATCCGCACT,CCGCATAGT,CGCAGGGGA,AGTACAAGG,CATAGCCAG,CATTGCTTA,TAGATAAGT,GTACACTTA,TTTTATGCG,CATTCGTCC,GCAGAGTTC,CGTCTCCAC,GCAGATCCG,CTCCATGAT,ATGCGTGGG,TATTATTCC,ATATGTAGT,TAGTTTCGG,TATAGCCCA,CTACCGACG,GTAGAAATA,GTAGAACCA,TAACTACCG,TACCCCACT,TATACAAGT,TATGTATAA,TGTATGCTA,TATATAACG,TATAAATTG,TATAATAAG",100.0,21.061226655
100.0,10,"AAGTGCGGTA,ACATTGTGGT,AAAGCGCGAC,TATGGGATGA,CACGGTTCAG,TGTGTTAAAA,TCCATAACCA,CGCCACAACC,GATACCATCA,ACGGGTAGCC,GATCCCACAC,GGCCGCTATA,TTGGCGCCGC,AACAAACTCG,CCAGAATGCG,GTCGCGTTCG,AMTACTACAA,GTTTTTACCC,TAAGATCTAA,GGCCCTCCTT,AATGCTCCGC,CATTATAGCG,TCGTAAACAT,AGTAATGTCA,CATTGACGTG,GGGGTCCCGC,TGTCTCGATA,AACCTCTGTT,GCATTCTACC,CTCAGAATGC,TCATGGAATT,TACCACAGTC,TCGTCCGATA,GAGACTGAGG,ATTAGCTTAC,ACCAATCAAG,TTTAAACGCT,GGCTTATTTC,CTCCGAGAGG,GCCGTAGGAA,ATTATCTTTA,CACCGTGTTG,CCGAGGTTGT,CGTTGTTACC,TTTAGCCTAG,CGTACGCCCT,CGTTCCGACT,GATCTTACGT,ACGCTCTCGG,GCCCGGTCTA,CTTTTGCCGA,AGTGTCTGAA,TTACTCACGT,CCGGGTTATA,AAGAACCTGG,TATCCTAGCA,GACAAACGTA,CTAGAATACC,GGTTATACAC,ACAGGACGCA,ATACTCGCGC,TTGCACGCAG,TTGCGCGATC,GACAAGGGGC,CAGGAGACGT,CGACCCTACC,AAGATCGGCG,TACTGCCGCC,CGCGTGTCCG,AGGACCCGCA,CCACTGATTC,TGCCATAGTA,CCGTGCGACG,ATCTGAGAGC,CAGGTACTTG,CAGTAGTCAA,CCTAACGCCG,AACGCAAGCG,TTATATCACA,ATGCAATAGC,ATCAGTTATA,GAGTTCTTCA,ATCACTGGAA,CCCCTGGCTG,DNCCCCACGT,GTTCCCGTAC,ATGCCTAGTC,TCAGTCAGAC,TCACTAAAAC,TCGGATCAGT,TAGACCGGTT,TAGATCATCT,GATTCGGGTC,GATTCCCTCT,GGTCGAAGAT,GGTCGAGGAA,TCGAGGGAGA,TAGATGAGTT,TAGATGCTGG",99.0,21.93132736
100.0,11,"GCCAGGTAAGC,GGAGCGGTGTA,GCCGGTCTGAC,GGCGGCACCGG,AGGGGTCCCGA,GCCCGCGCCTG,CAGGCTGGACT,CGCATTCAAGG,AGAACGGTCGG,GGGAAGCACGG,GGCCTCCGAGG,ACGCTTGACAT,CAAGCGGCTAC,AGCGATTCGGT,ATTCCCGTGAG,GGATGAACGAA,GTGTTTTAGCA,TCGGCACCGTG,AGCTCTGAAAG,GAATGGCGCGA,TGCGCTTTAAT,AACTATGCTCT,CCGCTTTATGC,AGGTCGACGTT,TCGATAAGCCA,ACAGAATAAGA,TATATAAATCC,AATCATAAGCC,TGCTTCTGGGC,AGCACAGTTAT,GCTCCCGAGTT,GCTTACATAAT,TACCTGTACGG,TCGTCCCTAGT,ACACAAAGACA,ATTCTTACAAA,TTTAATATCTC,CTATGCACATA,CACACGGTGAC,GGCTGTGCATT,GCGGCAGTCCT,CTGGGACAAAG,GGGGACCTGCG,TTAACAGATAC,TTCTGTACGTA,CGAGTTATTTT,CGATTACTAGC,CGGTGACGAAA,GCACTCATGTC,GCGTAGAGGCC,ATATCACCAGG,TCTGCAGTAAG,ATCAGATCTCT,TCATGCCTAAG,GAAATGAATTG,CTGCAGTTCAT,ATGGTTGGCTC,GAAATCGTGGG,CGCGTGGAGTA,TTTGGACTCGA,CCGTTTTGCGT,ACCGACACTAG,ANNGCCTTATT,CACTATACATC,CCGAAAAACGT,CCGAGAGTCAT,GCTAGGCAGCC,GTAGTAGTGGG,ATGCGTTATGC,GCTACGTGACC,ATATCTCAGAT,AGTCCATAGGA,CCAAATGGCAT,GTTGGGTAAGC,CCATAGCCCTT,CCCCGTCTGAG,GTGAAAAATCT,TGAATGTGAAC,TCATCGCGGTA,GAAGTATCTAC,ATCTAGTACGT,GAAGTCATATC,AAGTCTCTACG,TCTAATTTCGC,TTGGAACTGCG,TTGACCCCAAA,TTGACTCATAG,ACCCCAACTCC,ACTTAGAGCCA,TCATTAGCATA,TCATTGCATGA,CATTGGGTCAC,AGCAGCATTAT,AGCAGCTAATG,TGACGGCGAAG,TGACGGTTAGC,CTAACGAGACG,CTAACTTACTA,TTCAGTAGCTT,TTCAGTTGGTC",100.0,48.311256836
100.0,12,"TCTCAGAGAGGA,GTGGAATGTAGT,AACACCGACGCG,TATAACCGACCA,TGAGAAGCACGG,GCCTTGGTCCCC,GGCAGAGCATGA,GATCCTATCGGT,ACACTAGTGATT,CGGTATCCATAC,TATGAAGTTCGT,CCGAAACTTCAC,AGGGATTTTCTA,CAGACATCCGCT,AAACGACCCGTA,TTTAGTCCACCA,CGTAAGATGTTG,CGAAGGTTAGGG,GTGAAATTCGCA,GCACAGGATAGC,CTTGGGATTGGC,TAGTGAAGATTG,CCAGGTTGTATC,CACGAGCGCTGT,AGACAAACCGAT,GCTACGATCGCG,TAGGAGGATTAC,GATTACCTGTTA,GACGTCATGCCC,GCCACAACAAAC,ACGAGTGCTAGA,TAACTCGTAGAA,CGCTGACGTGCA,ATGCCGCATCGG,AACGTAGTTGGA,CAGTCAAATATA,GAATGTTGGATA,ATATACCACATA,GAATCCTACTCA,CGGGGCAGGTAC,GTGCGCCCAGCA,TTTCTACCTCGA,GGCCATAGAGCG,CTCGTTCGCCTG,GTTGAGCATATT,CTACGTAGCTCC,GGTAGACCGCCC,CTACTTGAAGAC,CCAGTATCAACC,AATATCGTCTTC,GCTCCGCCTCCG,CGTATCATGACG,TAGGCGCGGGCC,GCATTCTTAACC,AGGTACTGAACG,GTAGGAGAGTGT,AGTATCAACGCG,TTCTAAAGGCAC,ATACGCCGGGAA,TACGCGTGTGAA,TGGAACCAGTTC,AAGCGAGTCTAG,CCACAGGAAGTG,AGGCTTACCCGG,TGGAGAGCCCTG,TCTGCTGTCTGG,CTGGGCAACCTT,GAGCCTGGGGAG,GAATTGACGTAG,AAGCTTAGTCAA,AATTTACAAGTT,ATATCCGGGCCG,CGTCACTCTGCT,TCGCATTGTGTA,AGCCCCTCCCCC,TTACACATATAG,CCTCCGGGCGTT,TTACCCTAGGTG,GTCAGAGGAGAC,TCCGGTTGTATT,GAAATCGGGTCC,GTCTAGCGAATA,GAAATCCCCTCA,CCTGGGTTTCAT,GGGTTGACAGTG,GGTTGGTCGGCT,GGAGTAACAGGA,GAAGACCGCCCT,CAGGAGTGAGTC,NMAGGCCGGCAA,GGAAGTCTCTTA,CCGGGAATAGTC,GGAACCCCGGCA,CGGCGGCTAACG,CCTGCTACCACT,CCCAACTCAAGA,TACGTCGCCCTC,TACGTCCTGACG,GCCCCAAGCTCG,GCCCCAATACAA",100.0,55.619179737
