"","n_sites","rep","sites","time","degeneracy"
"1",5,1,"AAGCTT,AACGTT,ACCGGT,ATGCAT,GCGCGC",18.4769999999999,13759414272
"2",5,2,"TGTACA,GACGTC,AGGCCT,TCGCGA,GGCGCC",8.59900000000016,15479341056
"3",5,3,"CAGCTG,GATATC,AACGTT,GTATAC,GCTAGC",5.07900000000018,18345885696
"4",5,4,"GGATCC,AGTACT,TGCGCA,GCGCGC,AATATT",4.53999999999996,16307453952
"5",5,5,"TGCGCA,ATGCAT,GTTAAC,TGATCA,AACGTT",0.93100000000004,20639121408
"6",5,6,"GCCGGC,GGATCC,AAGCTT,AGTACT,GCGCGC",4.01400000000012,18345885696
"7",5,7,"CCCGGG,GCCGGC,CTTAAG,ACTAGT,CTCGAG",1.16200000000003,24461180928
"8",5,8,"TGCGCA,TGTACA,GGCGCC,CGATCG,AATATT",5.15100000000007,13759414272
"9",5,9,"GAGCTC,CACGTG,TGTACA,TTATAA,TGCGCA",14.4760000000001,11609505792
"10",5,10,"AAGCTT,TGATCA,GCGCGC,CCTAGG,CTGCAG",20.0119999999999,11609505792
"11",10,1,"CCATGG,GCTAGC,GCGCGC,CAATTG,GATATC,TTATAA,CACGTG,GTATAC,CTGCAG,GGTACC",20.018,4353564672
"12",10,2,"TCTAGA,ACCGGT,CCATGG,CGTACG,GTCGAC,GGGCCC,GTGCAC,ACTAGT,GATATC,AATATT",20.019,2579890176
"13",10,3,"CTTAAG,TACGTA,ACTAGT,CTGCAG,CAGCTG,AGATCT,GCGCGC,GTGCAC,AGCGCT,TGGCCA",20.019,3869835264
"14",10,4,"GGCGCC,ATGCAT,TGATCA,CTGCAG,AGGCCT,GTATAC,CACGTG,CAGCTG,GCATGC,CTCGAG",20.0440000000001,6198727824
"15",10,5,"ACTAGT,CACGTG,GCGCGC,AATATT,CAATTG,CCTAGG,ACGCGT,TGGCCA,GGGCCC,ACCGGT",20.018,5159780352
"16",10,6,"GGGCCC,TGTACA,AAGCTT,CTGCAG,CTCGAG,TCATGA,AGATCT,TCGCGA,ACATGT,GCCGGC",20.0339999999999,4076863488
"17",10,7,"GAGCTC,AAGCTT,CAATTG,AACGTT,ACATGT,GCTAGC,CGATCG,GAATTC,CGGCCG,CATATG",20.0170000000001,5509980288
"18",10,8,"CATATG,GAATTC,AATATT,ATCGAT,TTATAA,CACGTG,AGTACT,GGTACC,CGGCCG,CGTACG",20.0170000000001,4586471424
"19",10,9,"ACGCGT,GGCGCC,AGCGCT,GTCGAC,CACGTG,CCATGG,TGTACA,ATCGAT,GGGCCC,CGTACG",12.4259999999999,10319560704
"20",10,10,"CGATCG,CAATTG,TCATGA,CCATGG,GGATCC,TTATAA,TGCGCA,GCATGC,GGGCCC,CGGCCG",20.0170000000001,5804752896
"21",15,1,"TGCGCA,ATGCAT,CTTAAG,CCTAGG,CCATGG,TGTACA,TCGCGA,GTATAC,CATATG,TTATAA,ATCGAT,GGGCCC,AGCGCT,GAATTC,AGGCCT",20.0249999999999,1451188224
"22",15,2,"ACATGT,GCTAGC,TGGCCA,CCGCGG,TGATCA,GCGCGC,AGTACT,ACTAGT,TGCGCA,ATCGAT,CGATCG,GGATCC,CTGCAG,CCATGG,GTATAC",20.0149999999999,4649045868
"23",15,3,"AATATT,CCATGG,GGGCCC,TGTACA,CACGTG,CGTACG,CAATTG,GAGCTC,CTGCAG,GGCGCC,GACGTC,TACGTA,ACATGT,ACGCGT,TGATCA",20.021,1289945088
"24",15,4,"GCATGC,GAGCTC,AATATT,GTTAAC,TTCGAA,GGCGCC,GAATTC,GATATC,ACATGT,CGTACG,GGGCCC,TGTACA,TCCGGA,GTGCAC,GCTAGC",20.02,2293235712
"25",15,5,"GACGTC,CTCGAG,AACGTT,CCTAGG,GTATAC,TCATGA,GTCGAC,ATTAAT,GCATGC,TGTACA,TTTAAA,AGCGCT,TCCGGA,AGTACT,ACTAGT",20.0170000000001,2293235712
"26",15,6,"AATATT,TCCGGA,GGCGCC,GAGCTC,TACGTA,CCTAGG,CATATG,GCATGC,AGCGCT,ATGCAT,ATTAAT,CTGCAG,AAGCTT,GGATCC,CGGCCG",20.019,3265173504
"27",15,7,"GTTAAC,GCATGC,TTATAA,GTGCAC,CTGCAG,CGATCG,TCATGA,GAATTC,TGGCCA,CCCGGG,AGCGCT,ACCGGT,GCTAGC,GGCGCC,GTATAC",20.019,2293235712
"28",15,8,"ACCGGT,CATATG,ATCGAT,GCGCGC,AATATT,ACTAGT,GAGCTC,CGATCG,CCATGG,GGTACC,GATATC,TGTACA,TTATAA,GTCGAC,GCTAGC",20.0150000000003,3057647616
"29",15,9,"CGATCG,GAATTC,GGATCC,GTCGAC,GCGCGC,CAATTG,CACGTG,CGTACG,GAGCTC,GGGCCC,AGATCT,CCTAGG,ATTAAT,GTTAAC,CATATG",20.0160000000001,2717908992
"30",15,10,"TCATGA,AGCGCT,TCCGGA,GCATGC,CCATGG,GATATC,TTCGAA,GGATCC,CGTACG,TGATCA,TACGTA,CTGCAG,CACGTG,GAGCTC,GGGCCC",20.0159999999996,5509980288
"31",20,1,"ACTAGT,CATATG,AAGCTT,CTTAAG,AGCGCT,CCGCGG,AGTACT,TCATGA,TCGCGA,GACGTC,CGTACG,AATATT,ACCGGT,TGTACA,CAGCTG,TTATAA,TGATCA,GTCGAC,GGTACC,GTTAAC",20.0149999999999,1019215872
"32",20,2,"CACGTG,AACGTT,GAGCTC,CTCGAG,CGTACG,TCATGA,GTCGAC,GACGTC,TTTAAA,CATATG,GGCGCC,CCATGG,AGCGCT,CGATCG,CCGCGG,AGATCT,GGGCCC,CGGCCG,ATTAAT,AAGCTT",20.0160000000001,1719926784
"33",20,3,"CGGCCG,GCCGGC,GTGCAC,CCTAGG,AGATCT,GGATCC,TTATAA,TGGCCA,ACGCGT,TTTAAA,TGATCA,TACGTA,GCGCGC,AGCGCT,CGATCG,GACGTC,CAATTG,GAGCTC,CGTACG,CCCGGG",20.018,1451188224
"34",20,4,"CATATG,GCGCGC,CAATTG,TCTAGA,TGTACA,ACGCGT,TTTAAA,GTATAC,AATATT,GCATGC,TGCGCA,TTCGAA,GGGCCC,ACTAGT,GATATC,AGATCT,GTTAAC,GTGCAC,GCCGGC,CGTACG",20.0190000000002,859963392
"35",20,5,"TCGCGA,TGTACA,AGTACT,TGGCCA,ACATGT,CGTACG,ACGCGT,ATGCAT,ACTAGT,TACGTA,ATCGAT,AAGCTT,CACGTG,CTCGAG,GAATTC,ACCGGT,TTTAAA,CGATCG,GCCGGC,AACGTT",20.0169999999998,967458816
"36",20,6,"GCGCGC,CTCGAG,GCCGGC,CTTAAG,CAGCTG,GCTAGC,CAATTG,GGGCCC,AGTACT,AGATCT,TCTAGA,CACGTG,CCCGGG,CGTACG,TCATGA,AACGTT,CCTAGG,ATGCAT,CCGCGG,TACGTA",20.0149999999999,4649045868
"37",20,7,"CGTACG,TGTACA,GAGCTC,TCCGGA,GCATGC,CAGCTG,TACGTA,AGATCT,TCTAGA,GCCGGC,ATCGAT,CCGCGG,CAATTG,TGGCCA,CTCGAG,TTCGAA,AAGCTT,GAATTC,TCGCGA,TTTAAA",20.0160000000001,1358954496
"38",20,8,"GACGTC,TGCGCA,TCCGGA,CTTAAG,GATATC,ACGCGT,GTTAAC,AAGCTT,GCCGGC,ACATGT,AACGTT,GAATTC,TCTAGA,CAGCTG,GTCGAC,TCGCGA,TACGTA,AATATT,CGTACG,TTCGAA",20.0230000000001,1358954496
"39",20,9,"TGCGCA,GGCGCC,CTTAAG,CTGCAG,CCCGGG,ATCGAT,ACTAGT,ACCGGT,TGGCCA,GCATGC,TACGTA,TTTAAA,TGATCA,GTGCAC,ATTAAT,GGTACC,ACGCGT,CGATCG,GTTAAC,GGGCCC",20.0170000000003,1146617856
"40",20,10,"GACGTC,TCCGGA,CCGCGG,TCGCGA,CGATCG,CGTACG,TTATAA,AGCGCT,CTCGAG,TACGTA,AATATT,GTGCAC,CGGCCG,AAGCTT,AACGTT,GTCGAC,GCTAGC,TGATCA,GTATAC,TCTAGA",20.0149999999999,644972544
"41",1,1,"CCATGG",0.0170000000000528,110075314176
"42",1,2,"CAATTG",0.0109999999999673,110075314176
"43",1,3,"TCGCGA",0.0209999999999582,110075314176
"44",1,4,"ACCGGT",0.00999999999999091,110075314176
"45",1,5,"CAGCTG",0.0080000000000382,82556485632
"46",1,6,"ACGCGT",0.00899999999990087,110075314176
"47",1,7,"AACGTT",0.00999999999999091,110075314176
"48",1,8,"CTTAAG",0.01400000000001,110075314176
"49",1,9,"ATGCAT",0.00900000000001455,110075314176
"50",1,10,"TTATAA",0.0399999999999636,195689447424
"51",2,1,"ATCGAT,ATTAAT",0.0110000000000809,110075314176
"52",2,2,"CAGCTG,CCGCGG",0.0130000000000337,82556485632
"53",2,3,"GTTAAC,GAATTC",0.0810000000000173,82556485632
"54",2,4,"TCGCGA,CAATTG",0.0540000000000873,46438023168
"55",2,5,"TTATAA,TGCGCA",0.324000000000069,46438023168
"56",2,6,"CTCGAG,TTTAAA",0.245000000000005,46438023168
"57",2,7,"GAATTC,CCCGGG",0.0539999999999736,46438023168
"58",2,8,"GGTACC,GTGCAC",0.0210000000000719,110075314176
"59",2,9,"CTGCAG,TTATAA",0.451000000000022,41278242816
"60",2,10,"GTGCAC,AGTACT",0.187000000000012,41278242816
"61",3,1,"AGCGCT,GCATGC,GGGCCC",0.201999999999998,56623104
"62",3,2,"TACGTA,TGTACA,ACTAGT",0.615999999999985,48922361856
"63",3,3,"CTGCAG,GTATAC,AATATT",1.15299999999991,27518828544
"64",3,4,"GGTACC,CAATTG,GGGCCC",0.349999999999909,46438023168
"65",3,5,"GTCGAC,TGTACA,CTCGAG",0.364000000000033,32614907904
"66",3,6,"AGGCCT,GACGTC,CGATCG",0.196000000000026,65229815808
"67",3,7,"ATTAAT,AGGCCT,GGATCC",0.461000000000013,34828517376
"68",3,8,"AGCGCT,TCGCGA,TTATAA",0.649000000000001,26121388032
"69",3,9,"CATATG,GTCGAC,TCTAGA",1.13599999999997,30958682112
"70",3,10,"ACTAGT,CCCGGG,AACGTT",0.885999999999967,27518828544
"71",4,1,"GTCGAC,TTTAAA,GGTACC,CTGCAG",7.101,17414258688
"72",4,2,"AGGCCT,CGATCG,GTCGAC,CCGCGG",0.525999999999954,48922361856
"73",4,3,"CGGCCG,ATTAAT,AAGCTT,AGTACT",2.18700000000001,19591041024
"74",4,4,"CCGCGG,AGATCT,AATATT,ACTAGT",0.582000000000107,27518828544
"75",4,5,"CGATCG,CCATGG,AGATCT,CATATG",0.466000000000008,27518828544
"76",4,6,"CTCGAG,GAATTC,GGGCCC,CAATTG",0.947000000000003,20639121408
"77",4,7,"CCTAGG,ATTAAT,TCTAGA,CGTACG",7.34299999999996,19591041024
"78",4,8,"CCTAGG,CGTACG,GACGTC,TTCGAA",2.97099999999989,23219011584
"79",4,9,"AGGCCT,CACGTG,CTCGAG,TTCGAA",2.17499999999995,21743271936
"80",4,10,"AGCGCT,ATTAAT,AACGTT,ACCGGT",1.56200000000001,20639121408
"81",5,1,"TTTAAA,GTATAC,ATGCAT,GGGCCC,AGTACT",7.07000000000005,15479341056
"82",5,2,"CTCGAG,ATCGAT,CGGCCG,AGCGCT,CAGCTG",0.778999999999996,24461180928
"83",5,3,"GGCGCC,TCATGA,CACGTG,TGCGCA,TTATAA",6.73599999999999,15479341056
"84",5,4,"GAGCTC,CGATCG,TCATGA,CCGCGG,GCATGC",5.44099999999992,16307453952
"85",5,5,"TGCGCA,ATCGAT,GCTAGC,GTTAAC,ATTAAT",5.89999999999998,16307453952
"86",5,6,"AATATT,TGTACA,CTCGAG,GCGCGC,AAGCTT",8.90200000000004,11609505792
"87",5,7,"AGATCT,ACTAGT,GGTACC,GTGCAC,ATGCAT",9.04700000000003,13759414272
"88",5,8,"AGATCT,CTGCAG,CCTAGG,CTCGAG,ATCGAT",8.029,13759414272
"89",5,9,"TGGCCA,CTGCAG,GAATTC,AATATT,TGATCA",4.70399999999995,16307453952
"90",5,10,"TCATGA,GAGCTC,GCATGC,CATATG,TTCGAA",7.92599999999993,13759414272
"91",6,1,"TTTAAA,GAGCTC,GCATGC,CACGTG,AGCGCT,CTTAAG",1.63,13060694016
"92",6,2,"AGTACT,GCATGC,AACGTT,TGTACA,ACGCGT,GAATTC",9.54200000000003,11609505792
"93",6,3,"ATGCAT,ATCGAT,AAGCTT,CGTACG,GCTAGC,AGTACT",1.02199999999993,20639121408
"94",6,4,"ACCGGT,ATGCAT,TTTAAA,TACGTA,ACATGT,CGGCCG",4.97400000000005,13759414272
"95",6,5,"CTGCAG,CCTAGG,CCATGG,GCATGC,ACATGT,TCTAGA",1.96499999999992,18345885696
"96",6,6,"ATTAAT,TCTAGA,TGTACA,GTATAC,CGATCG,CCGCGG",12.414,11609505792
"97",6,7,"TTCGAA,TCGCGA,ATTAAT,GATATC,GAATTC,CCATGG",6.48000000000002,13759414272
"98",6,8,"CAGCTG,CTTAAG,CCCGGG,GATATC,GCATGC,GCTAGC",7.55100000000004,13759414272
"99",6,9,"TCGCGA,GCATGC,TGGCCA,GTGCAC,GCCGGC,AGGCCT",0.564000000000078,34828517376
"100",6,10,"CTCGAG,CTTAAG,CGTACG,GACGTC,GGTACC,GGCGCC",3.79899999999998,17414258688
"101",7,1,"TTTAAA,TCCGGA,GGGCCC,ACCGGT,TGATCA,GGTACC,GAGCTC",5.40899999999999,13759414272
"102",7,2,"AACGTT,CAGCTG,ATTAAT,CCGCGG,AGATCT,GGCGCC,AATATT",16.054,8153726976
"103",7,3,"TGTACA,GGCGCC,ACCGGT,CTGCAG,CCGCGG,CGTACG,ACGCGT",5.00699999999995,18345885696
"104",7,4,"GCTAGC,CACGTG,ATGCAT,AGTACT,AATATT,TGATCA,CTCGAG",20.018,6879707136
"105",7,5,"AGGCCT,GTGCAC,GTATAC,TTTAAA,GAATTC,ACTAGT,CGATCG",20.026,6115295232
"106",7,6,"GCCGGC,GCATGC,CACGTG,CCGCGG,TCGCGA,ATCGAT,GGCGCC",3.00200000000007,23219011584
"107",7,7,"AACGTT,AGATCT,ACTAGT,GGTACC,CATATG,CCGCGG,CCCGGG",20.0210000000001,8153726976
"108",7,8,"ATTAAT,GGGCCC,AGATCT,ACCGGT,CGTACG,CCGCGG,CTCGAG",20.024,4897760256
"109",7,9,"GGTACC,CTGCAG,GTATAC,CAATTG,TGGCCA,CGATCG,TACGTA",20.021,6115295232
"110",7,10,"CTGCAG,AATATT,TACGTA,CTCGAG,CGATCG,TGCGCA,TCGCGA",8.601,1119744
"111",8,1,"GCCGGC,GAATTC,TGTACA,TCCGGA,TTCGAA,CTCGAG,GTGCAC,GGCGCC",13.679,9172942848
"112",8,2,"ACGCGT,AACGTT,GTTAAC,CCTAGG,CTTAAG,GTCGAC,ATGCAT,ACCGGT",20.015,6530347008
"113",8,3,"GAGCTC,AGCGCT,TGTACA,CGATCG,AATATT,GAATTC,GTGCAC,GGGCCC",20.018,6115295232
"114",8,4,"GTGCAC,CACGTG,TCATGA,ATGCAT,CGATCG,TGTACA,TTTAAA,CAATTG",15.039,9172942848
"115",8,5,"AGATCT,CAATTG,CAGCTG,CCGCGG,GGTACC,ACTAGT,TCATGA,TGATCA",20.0240000000001,5509980288
"116",8,6,"ACATGT,TCGCGA,GTTAAC,AGATCT,CCATGG,GTGCAC,AGGCCT,TGCGCA",20.0249999999999,4586471424
"117",8,7,"AACGTT,ATTAAT,AGTACT,GGTACC,GTTAAC,GTATAC,CCTAGG,AGATCT",8.31800000000021,13060694016
"118",8,8,"TCTAGA,GACGTC,ATCGAT,ATTAAT,GATATC,CAGCTG,GCCGGC,ACATGT",20.0259999999998,5159780352
"119",8,9,"TCTAGA,GGGCCC,AGTACT,CCTAGG,CCCGGG,AAGCTT,GACGTC,CAATTG",20.0240000000001,5804752896
"120",8,10,"GTTAAC,AAGCTT,CTCGAG,TTTAAA,GTCGAC,AATATT,CGTACG,CGATCG",10.4180000000001,9172942848
"121",9,1,"ACGCGT,CATATG,TACGTA,AATATT,ACATGT,GTTAAC,TCCGGA,GGATCC,CCATGG",20.0170000000001,5509980288
"122",9,2,"CCGCGG,GGGCCC,GTTAAC,GCATGC,AAGCTT,TCTAGA,GAATTC,CCCGGG,TGTACA",20.0230000000001,3869835264
"123",9,3,"TGTACA,ATTAAT,CCCGGG,AGCGCT,CAGCTG,TACGTA,GATATC,GTATAC,CACGTG",20.0160000000001,3439853568
"124",9,4,"CTTAAG,AGATCT,CACGTG,TTTAAA,GCCGGC,GTGCAC,TGGCCA,GAGCTC,CGATCG",20.019,5435817984
"125",9,5,"GATATC,ACATGT,GCTAGC,GCGCGC,GGATCC,CAATTG,TGATCA,AGGCCT,AATATT",20.0260000000001,3869835264
"126",9,6,"CCATGG,TGATCA,TCCGGA,AGCGCT,CGGCCG,GCGCGC,AATATT,GTTAAC,GAATTC",20.0260000000001,3439853568
"127",9,7,"TTCGAA,AATATT,CCTAGG,GTTAAC,TGATCA,GTATAC,CACGTG,GTGCAC,TTATAA",20.0160000000001,6198727824
"128",9,8,"TCGCGA,TTCGAA,TCTAGA,GTCGAC,GCGCGC,CTGCAG,TGCGCA,GCATGC,ACTAGT",7.20299999999997,11019960576
"129",9,9,"CCGCGG,CCATGG,GAGCTC,GCATGC,TTCGAA,CGATCG,GGATCC,TGCGCA,GTATAC",8.82000000000016,10319560704
"130",9,10,"GTTAAC,TTCGAA,ATGCAT,GAGCTC,CTGCAG,ACGCGT,TGGCCA,CCGCGG,AACGTT",20.0210000000002,7346640384
"131",10,1,"ACCGGT,CAATTG,AGGCCT,TTCGAA,CAGCTG,TGCGCA,GATATC,ATGCAT,TCATGA,ATTAAT",20.0170000000001,4132485216
"132",10,2,"TGATCA,TCTAGA,GGATCC,GGTACC,CACGTG,AGATCT,AATATT,ACTAGT,TGCGCA,GGGCCC",20.0219999999999,5159780352
"133",10,3,"AATATT,ACATGT,TCGCGA,TGCGCA,CGGCCG,ATCGAT,CGATCG,AGATCT,TGTACA,GGGCCC",20.0150000000001,6115295232
"134",10,4,"GTTAAC,AATATT,CTTAAG,AGTACT,GCATGC,TGATCA,AAGCTT,GGGCCC,TGGCCA,CGTACG",15.617,8707129344
"135",10,5,"GCTAGC,TTTAAA,GTTAAC,GAGCTC,CGTACG,GACGTC,GGTACC,AACGTT,CAATTG,AATATT",20.0119999999999,8264970432
"136",10,6,"GGTACC,TGTACA,CGTACG,TGCGCA,AGATCT,CAGCTG,AGCGCT,AAGCTT,AGTACT,GAGCTC",9.32000000000016,944784
"137",10,7,"TGGCCA,GACGTC,TGATCA,GATATC,GAGCTC,CGTACG,ACCGGT,GGCGCC,TGCGCA,CCTAGG",9.3159999999998,10319560704
"138",10,8,"GTGCAC,GGTACC,ATCGAT,TTTAAA,TGCGCA,GAATTC,AGATCT,CACGTG,ACCGGT,CTCGAG",20.0159999999998,4076863488
"139",10,9,"ATTAAT,TGCGCA,ACATGT,AGTACT,GACGTC,CTCGAG,CACGTG,TACGTA,AAGCTT,ATCGAT",20.0159999999998,5509980288
"140",10,10,"TCTAGA,CGTACG,AAGCTT,GGGCCC,ATCGAT,CCGCGG,CAATTG,CTTAAG,GGATCC,CGATCG",20.018,3869835264
