"","n_sites","rep","sites","time","code","degeneracy","orig_status","final_status","oligo_length"
"1",1,1,"GGGCCC",0.0759999999999934,"NNHNNHNNHNNHNNNNNDNN",260919263232,"OPTIMAL","OPTIMAL",1
"2",1,2,"CACGTG",0.00799999999998136,"NNDDNNDNNNHDNHDDNNNN",110075314176,"OPTIMAL","OPTIMAL",1
"3",1,3,"CTCGAG",0.00899999999998613,"NNDNNNHNNHHDNHDDNNNN",110075314176,"OPTIMAL","OPTIMAL",1
"4",1,4,"GAGCTC",0.0159999999999911,"NNHNNNDHNDNHNDHHNNNN",110075314176,"OPTIMAL","OPTIMAL",1
"5",1,5,"AAGCTT",0.00900000000001455,"NNNBNVNBNVNNNVHVNNVN",110075314176,"OPTIMAL","OPTIMAL",1
"6",1,6,"TGATCA",0.00800000000000978,"VNNNVVVNNBNNNBBBNNNB",82556485632,"OPTIMAL","OPTIMAL",1
"7",1,7,"TCGCGA",0.00799999999998136,"NNNDDNNNHHNDNHDDNNNN",110075314176,"OPTIMAL","OPTIMAL",1
"8",1,8,"TGCGCA",0.0100000000000193,"NNNNDNBDDNHHNNHHNNNN",110075314176,"OPTIMAL","OPTIMAL",1
"9",1,9,"CTTAAG",0.00800000000000978,"NNVNVNVVNVNVNNNBNBNN",110075314176,"OPTIMAL","OPTIMAL",1
"10",1,10,"ATGCAT",0.007000000000005,"NNNNBBNVVNNNBNVVVNNN",110075314176,"OPTIMAL","OPTIMAL",1
"11",2,1,"CAATTG,CTCGAG",0.153999999999996,"NNDNVBDNBDHNNHVBNHNN",46438023168,"OPTIMAL","OPTIMAL",1
"12",2,2,"AACGTT,GTCGAC",0.103000000000009,"NNNHHHBNVNBNVDDDDNNN",46438023168,"OPTIMAL","OPTIMAL",1
"13",2,3,"GTATAC,ACATGT",0.0240000000000009,"NNNVVNNVVNNVVNNVVNNV",82556485632,"OPTIMAL","OPTIMAL",1
"14",2,4,"CCTAGG,GGGCCC",0.0269999999999868,"NDNNNDNHDNNHDNHNNNHN",110075314176,"OPTIMAL","OPTIMAL",1
"15",2,5,"CCGCGG,AGCGCT",0.00899999999998613,"NNNHHNNHHNNHHNNHHNNN",110075314176,"OPTIMAL","OPTIMAL",1
"16",2,6,"GTCGAC,GTATAC",0.121000000000009,"NNNMNNDVNBHNNDRVNNNN",48922361856,"OPTIMAL","OPTIMAL",1
"17",2,7,"GGGCCC,GCTAGC",0.0200000000000102,"NNNNNWHHNNNNNDDWNNNN",86973087744,"OPTIMAL","OPTIMAL",1
"18",2,8,"GGTACC,GAGCTC",0.00999999999999091,"NNHNDNHNDNHNDNHNDNNN",110075314176,"OPTIMAL","OPTIMAL",1
"19",2,9,"GCATGC,CTTAAG",0.0560000000000116,"NNNVNMNVDNNDHBDNBNNN",55037657088,"OPTIMAL","OPTIMAL",1
"20",2,10,"CAGCTG,CCTAGG",0.00899999999998613,"NNBNNHNHNHNHDHDHNNNN",82556485632,"OPTIMAL","OPTIMAL",1
"21",3,1,"GGCGCC,GCTAGC,GCATGC",0.0330000000000155,"NNNNNDDDDNNNDDWNNNNN",97844723712,"OPTIMAL","OPTIMAL",1
"22",3,2,"TTCGAA,AGATCT,ACTAGT",0.230999999999995,"NVNNNVVSNNNVNSSNNNNN",43486543872,"OPTIMAL","OPTIMAL",1
"23",3,3,"CTTAAG,CCTAGG,ATGCAT",0.442000000000007,"NDNNBBBBNNYNNYNNYBNN",24461180928,"OPTIMAL","OPTIMAL",1
"24",3,4,"ATTAAT,TTTAAA,CATATG",0.149000000000001,"NNNNSNNNSNNBBNNSNNNN",77309411328,"OPTIMAL","OPTIMAL",1
"25",3,5,"GCATGC,GTGCAC,CGGCCG",0.164000000000016,"NNHNHNDNDHNDNDHNDNDN",61917364224,"OPTIMAL","OPTIMAL",1
"26",3,6,"CTCGAG,CGGCCG,ATCGAT",0.436000000000007,"NNDNDBDBNNHVYNHNHHNN",30958682112,"OPTIMAL","OPTIMAL",1
"27",3,7,"TCGCGA,TGATCA,TTATAA",0.23599999999999,"NVNVHVNVHVNVHVVNNBNN",34828517376,"OPTIMAL","OPTIMAL",1
"28",3,8,"TGCGCA,AGTACT,GCGCGC",0.269000000000005,"NNNHNRNHBVHHNNHNRNNN",36691771392,"OPTIMAL","OPTIMAL",1
"29",3,9,"TGTACA,GAGCTC,ATCGAT",0.558999999999997,"NNMNNMNNVHVNBDYNNBNN",24461180928,"OPTIMAL","OPTIMAL",1
"30",3,10,"TCGCGA,GCCGGC,CACGTG",0.13900000000001,"NNDDNNDDDNNNWNNNHHNN",73383542784,"OPTIMAL","OPTIMAL",1
"31",4,1,"ACGCGT,GGATCC,TTTAAA,TGATCA",0.605999999999995,"NNNBDSNVHNDBNSNVHNDN",20639121408,"OPTIMAL","OPTIMAL",1
"32",4,2,"AGATCT,CAATTG,GGGCCC,CTTAAG",2.44299999999998,"NNNSNDNSDNDNHRHVBNNN",18345885696,"OPTIMAL","OPTIMAL",1
"33",4,3,"GGTACC,CGTACG,CCGCGG,CCATGG",0.0759999999999934,"NNNNNWNWNNNNNWNWNNNN",68719476736,"OPTIMAL","OPTIMAL",1
"34",4,4,"GTATAC,TACGTA,GATATC,ATTAAT",0.0269999999999868,"HNNNVVVNBBNVVNBBBNNN",46438023168,"OPTIMAL","OPTIMAL",1
"35",4,5,"CGGCCG,ACTAGT,GGTACC,CCGCGG",0.369999999999976,"NNNDHWDNVNBNHWDNVNNN",27518828544,"OPTIMAL","OPTIMAL",1
"36",4,6,"TCCGGA,GAGCTC,TTATAA,AAGCTT",2.441,"NNHNDBBVNYVNNYVNYNNN",18345885696,"OPTIMAL","OPTIMAL",1
"37",4,7,"GACGTC,CGATCG,GTATAC,GAATTC",1.502,"NHNNNDSHNNNDSHNBBDNN",27518828544,"OPTIMAL","OPTIMAL",1
"38",4,8,"GCTAGC,ATCGAT,ACATGT,GGTACC",1.02999999999997,"NNBBBBBNNWNWNNVVVVNN",20639121408,"OPTIMAL","OPTIMAL",1
"39",4,9,"AGCGCT,TGCGCA,TCATGA,CCCGGG",0.419000000000011,"NNNHHVBHNDHHNVBWNNNN",30958682112,"OPTIMAL","OPTIMAL",1
"40",4,10,"AGCGCT,GGGCCC,GCTAGC,TTTAAA",0.0790000000000077,"NHNNHBDHBNHBNHBNHBNN",34828517376,"OPTIMAL","OPTIMAL",1
"41",5,1,"ACGCGT,GGCGCC,GATATC,TGTACA,GCGCGC",7.73000000000002,"NNNNRRNNNRRNNNDRRNNN",12884901888,"OPTIMAL","OPTIMAL",1
"42",5,2,"ACATGT,AGCGCT,CGTACG,TACGTA,CCATGG",2.82999999999998,"NDDDNHBNSNVDNHHHNMNN",15479341056,"OPTIMAL","OPTIMAL",1
"43",5,3,"TGTACA,GCATGC,TGATCA,ATGCAT,TGGCCA",1.76599999999999,"NNMVNHHHHHNNNVSKNNNN",18345885696,"OPTIMAL","OPTIMAL",1
"44",5,4,"TGATCA,GTTAAC,CTCGAG,GTGCAC,TCATGA",4.404,"NVVVVVNVNVWNNBNBBBBN",17414258688,"OPTIMAL","OPTIMAL",1
"45",5,5,"AGTACT,TTCGAA,GTCGAC,ATTAAT,GTGCAC",2.59299999999999,"NNNVBSNNWNNSHBNBNBBN",18345885696,"OPTIMAL","OPTIMAL",1
"46",5,6,"TCCGGA,CAGCTG,TTTAAA,CAATTG,CTCGAG",2.536,"NNDNRBDNNNYNYNVYNHNN",16307453952,"OPTIMAL","OPTIMAL",1
"47",5,7,"TGGCCA,CAATTG,GTATAC,CCGCGG,TCTAGA",14.295,"NDNVNKVVWNVVDNMNBNHN",10319560704,"OPTIMAL","OPTIMAL",1
"48",5,8,"CGATCG,CATATG,GACGTC,ATTAAT,CCCGGG",12.09,"NNBBBWNDVDVHDBKBNNNN",11609505792,"OPTIMAL","OPTIMAL",1
"49",5,9,"AGATCT,TCATGA,GTGCAC,CCATGG,ACTAGT",4.16300000000001,"NNBBBDDHNDHHVVVVVVNN",14693280768,"OPTIMAL","OPTIMAL",1
"50",5,10,"CCGCGG,AGTACT,CGGCCG,ATTAAT,GCGCGC",0.686999999999983,"NNWNNSNNWNNSNNWBNBNN",19327352832,"OPTIMAL","OPTIMAL",1
"51",6,1,"AACGTT,ACGCGT,CGGCCG,CTGCAG,AGTACT,GATATC",14.766,"NNDDDDDDDDDDDKKBNNNN",8707129344,"OPTIMAL","OPTIMAL",1
"52",6,2,"CATATG,TTCGAA,AACGTT,GCGCGC,GAGCTC,GTTAAC",36.276,"NDVHVDVNMNDVHHDSHNNN",8707129344,"OPTIMAL","OPTIMAL",1
"53",6,3,"TCATGA,ACTAGT,CTCGAG,AAGCTT,CCGCGG,ACATGT",4.16500000000002,"NDNDNHSDDHDNNSNVHNHN",15479341056,"OPTIMAL","OPTIMAL",1
"54",6,4,"CCATGG,AACGTT,ATGCAT,CACGTG,TGGCCA,AGCGCT",11.154,"NNNWNHBHSNVDNHBHVVVN",11609505792,"OPTIMAL","OPTIMAL",1
"55",6,5,"ATCGAT,GGCGCC,TTATAA,AATATT,ACCGGT,TCCGGA",5.45600000000002,"NNNDDSNBWNNBYHNNBYNN",12230590464,"OPTIMAL","OPTIMAL",1
"56",6,6,"GCATGC,ATTAAT,GAATTC,GCTAGC,CGATCG,GGGCCC",5.86399999999998,"NHNVHVHNDBDBNDMVDNDN",13060694016,"OPTIMAL","OPTIMAL",1
"57",6,7,"TCTAGA,CGTACG,ACTAGT,CTCGAG,CATATG,TCCGGA",7.59900000000005,"NNRNNRNVRNNRNVRNNNHN",14495514624,"OPTIMAL","OPTIMAL",1
"58",6,8,"TGATCA,CATATG,CAGCTG,CGATCG,AGCGCT,GGGCCC",4.57599999999996,"NBNNKDVNDDNWHBBYNNNN",13759414272,"OPTIMAL","OPTIMAL",1
"59",6,9,"GTATAC,ACCGGT,AGCGCT,TGGCCA,GTGCAC,TGATCA",6.68099999999998,"HHNHHHBHHNBHHBBHNBBN",11019960576,"OPTIMAL","OPTIMAL",1
"60",6,10,"GTCGAC,TCTAGA,CTCGAG,TCATGA,GAATTC,TGTACA",1.50299999999999,"NNNNSBNWDVBNWNVSNNNN",16307453952,"OPTIMAL","OPTIMAL",1
"61",7,1,"TCCGGA,ACGCGT,GTGCAC,CAATTG,CGTACG,TTTAAA,TGCGCA",42.826,"NNRNVRVNVDVDVNMDVNVN",7739670528,"OPTIMAL","OPTIMAL",1
"62",7,2,"AGATCT,AGTACT,CGATCG,AACGTT,CACGTG,ATGCAT,TGATCA",21.25,"NBBBBBBBBBBNNBYYNNNN",11609505792,"OPTIMAL","OPTIMAL",1
"63",7,3,"AGATCT,AGGCCT,ATCGAT,ACCGGT,GAGCTC,CCGCGG,ATGCAT",10.119,"BNNHHWBNBNVHVHBWNNVN",11609505792,"OPTIMAL","OPTIMAL",1
"64",7,4,"GTTAAC,ATTAAT,AATATT,TTCGAA,TCCGGA,GTCGAC,ATCGAT",9.58600000000001,"NVNVHVNSHNNBNSYNDBNN",13759414272,"OPTIMAL","OPTIMAL",1
"65",7,5,"AGATCT,CGGCCG,TTATAA,TTTAAA,GTGCAC,GGATCC,CGTACG",11.687,"NHHNNSNHWDNBHSNVDNDN",10319560704,"OPTIMAL","OPTIMAL",1
"66",7,6,"CCATGG,TCCGGA,CGGCCG,GGGCCC,GACGTC,CAATTG,GGATCC",3.88200000000001,"NNKNDNDNWNWNHNHNHMNN",16307453952,"OPTIMAL","OPTIMAL",1
"67",7,7,"TGTACA,GTTAAC,TGATCA,CGATCG,GTATAC,CAATTG,AAGCTT",6.92599999999999,"NNBBNSBNNSHVNSNSNNDN",12230590464,"OPTIMAL","OPTIMAL",1
"68",7,8,"CAATTG,GCGCGC,CACGTG,GTTAAC,CATATG,GAGCTC,CGTACG",15.158,"DNNNNRRDNHDKNHYBVNNN",9172942848,"OPTIMAL","OPTIMAL",1
"69",7,9,"CTTAAG,CTGCAG,TTTAAA,GGATCC,TCATGA,CCATGG,GGTACC",19.664,"NNNSNHHKHBNNBYKNBBNN",9172942848,"OPTIMAL","OPTIMAL",1
"70",7,10,"TCTAGA,CTTAAG,GCGCGC,CCGCGG,CTGCAG,TTCGAA,GTGCAC",8.08499999999998,"NNHNNYNHYNNYNHYNNYNH",10871635968,"OPTIMAL","OPTIMAL",1
"71",8,1,"TCGCGA,CAATTG,CATATG,GTCGAC,GAATTC,CGATCG,GCTAGC,TCCGGA",31.814,"NDNNNWRRDDNDDDRNVNND",6879707136,"OPTIMAL","OPTIMAL",1
"72",8,2,"GGCGCC,AGATCT,AAGCTT,TTTAAA,GATATC,ATGCAT,TGCGCA,GTCGAC",18.603,"NNNYHVBHMHNNNMCNNNNN",8153726976,"OPTIMAL","OPTIMAL",1
"73",8,3,"GTGCAC,CCGCGG,TTTAAA,ACTAGT,CTGCAG,AACGTT,ATCGAT,ACATGT",49.693,"NVDNWNDSNSNNWNVSNVHN",6115295232,"OPTIMAL","OPTIMAL",1
"74",8,4,"GATATC,TGCGCA,TGGCCA,CCGCGG,AGCGCT,TGTACA,ACATGT,ACTAGT",82.0410000000001,"NBNHHSBHHBNHHSBHHBNN",6530347008,"OPTIMAL","OPTIMAL",1
"75",8,5,"GGCGCC,GCGCGC,ACTAGT,GTATAC,GCATGC,ACATGT,AGTACT,GCCGGC",8.296,"NNBBNDRWBNNNVWYHNNVN",9172942848,"OPTIMAL","OPTIMAL",1
"76",8,6,"CTTAAG,CAGCTG,CCTAGG,ACGCGT,GCATGC,AGTACT,TGGCCA,CCATGG",98.657,"NBHBHBHBHBHBHBHBHBHN",6198727824,"OPTIMAL","OPTIMAL",1
"77",8,7,"CTCGAG,CAGCTG,GAGCTC,ATTAAT,TTTAAA,GGCGCC,CGTACG,CTTAAG",24.235,"NNVHNWBNSNVWVNMHNBNH",6879707136,"OPTIMAL","OPTIMAL",1
"78",8,8,"GTGCAC,CTTAAG,GAATTC,TCATGA,GACGTC,GTATAC,AAGCTT,GCGCGC",53.8340000000001,"NNVVVDRNNRVNRHDRNNVN",6879707136,"OPTIMAL","OPTIMAL",1
"79",8,9,"CAATTG,TGGCCA,CGATCG,GTTAAC,GCGCGC,TACGTA,TGTACA,ATTAAT",28.92,"NNNBHYBHSNVDNHYHBHNN",7739670528,"OPTIMAL","OPTIMAL",1
"80",8,10,"GATATC,TTCGAA,GCGCGC,AGGCCT,CGTACG,CTTAAG,CGGCCG,ATGCAT",20.6519999999999,"NNNDBWVHVBBDNHMMNNNN",10319560704,"OPTIMAL","OPTIMAL",1
