"","n_sites","oligo_lengths","rep","sites","time"
"1",6,20,1,"GAATTC,GATATC,GGCGCC,CGTACG,GGGCCC,GCCGGC",3.50300000000016
"2",6,20,2,"TGTACA,TCCGGA,CGATCG,GTGCAC,GCTAGC,GACGTC",5.28600000000006
"3",6,20,3,"CTCGAG,AACGTT,CCTAGG,GTATAC,TCATGA,AATATT",19.462
"4",6,20,4,"GTCGAC,ATTAAT,AATATT,TGTACA,TTTAAA,ACATGT",1.3739999999998
"5",6,20,5,"AGCGCT,TCCGGA,AGTACT,ACTAGT,AATATT,GGCGCC",5.51299999999992
"6",6,20,6,"GAGCTC,TACGTA,CCTAGG,CATATG,GCATGC,AGCGCT",9.2810000000004
"7",6,20,7,"ATGCAT,CGATCG,ATTAAT,CTGCAG,AATATT,AAGCTT",13.5799999999999
"8",6,20,8,"GGATCC,CGGCCG,GTTAAC,GCATGC,TTATAA,GTGCAC",19.1909999999998
"9",6,20,9,"CTGCAG,TCTAGA,TCATGA,GAATTC,TGGCCA,CCCGGG",20.0250000000001
"10",6,20,10,"CAGCTG,AGCGCT,ACCGGT,GCTAGC,GGCGCC,GTATAC",4.30999999999995
"11",6,40,1,"ACCGGT,CATATG,ATCGAT,GCGCGC,AATATT,ACTAGT",9.90700000000015
"12",6,40,2,"GAGCTC,AATATT,CATATG,CCATGG,GGTACC,GATATC",20.201
"13",6,40,3,"CAATTG,TGTACA,TTATAA,TCTAGA,ATCGAT,GCTAGC",3.90000000000009
"14",6,40,4,"CGATCG,GAATTC,GGATCC,GTCGAC,GCGCGC,CAATTG",6.30700000000024
"15",6,40,5,"CACGTG,CGTACG,GAGCTC,CTCGAG,GGGCCC,CAATTG",7.44000000000005
"16",6,40,6,"AGATCT,CCTAGG,CGATCG,CTCGAG,ATTAAT,CAATTG",6.8720000000003
"17",6,40,7,"CAATTG,CCTAGG,AATATT,TCATGA,AGCGCT,TCCGGA",35.1839999999997
"18",6,40,8,"GCATGC,CCATGG,GATATC,TTCGAA,GGATCC,CGTACG",5.83300000000008
"19",6,40,9,"TGATCA,TACGTA,CAGCTG,CTCGAG,CTGCAG,CACGTG",4.83400000000029
"20",6,40,10,"GAGCTC,GGGCCC,ACTAGT,CATATG,AAGCTT,CTTAAG",11.9109999999996
"21",6,60,1,"AGCGCT,CCGCGG,AGTACT,TCATGA,TCGCGA,GACGTC",2.76499999999987
"22",6,60,2,"ACGCGT,CGTACG,CATATG,ACCGGT,TGTACA,CTTAAG",8.64499999999998
"23",6,60,3,"TTATAA,TGATCA,ACCGGT,GGTACC,TGTACA,CACGTG",10.3849999999998
"24",6,60,4,"AACGTT,GAGCTC,CTCGAG,CGTACG,TCATGA,AATATT",7.34700000000021
"25",6,60,5,"GACGTC,TTTAAA,CATATG,GGCGCC,CCATGG,AGCGCT",13.2560000000003
"26",6,60,6,"CGTACG,CAGCTG,CCGCGG,AGATCT,GGGCCC,CGGCCG",1.64899999999989
"27",6,60,7,"CATATG,ATTAAT,CGATCG,GAGCTC,AGCGCT,CGGCCG",10.1189999999997
"28",6,60,8,"GCCGGC,GTGCAC,CCTAGG,AGATCT,GGATCC,TTATAA",59.1310000000003
"29",6,60,9,"TGGCCA,ACGCGT,TTTAAA,TGATCA,TACGTA,GCGCGC",16.2550000000001
"30",6,60,10,"GTTAAC,AGCGCT,AGATCT,GACGTC,TTTAAA,GAGCTC",1.34400000000005
"31",6,80,1,"CGTACG,CCCGGG,CATATG,GCGCGC,CAATTG,GTCGAC",3.16899999999987
"32",6,80,2,"TGTACA,ACGCGT,TTTAAA,GTATAC,GCGCGC,CAGCTG",5.51200000000017
"33",6,80,3,"TGCGCA,TTCGAA,GGGCCC,CTCGAG,ACTAGT,GATATC",16.6089999999999
"34",6,80,4,"AGATCT,TTCGAA,GTGCAC,TGCGCA,CGTACG,TCGCGA",7.89499999999998
"35",6,80,5,"TGTACA,AGTACT,TGGCCA,ACATGT,CGTACG,ACGCGT",1.79300000000012
"36",6,80,6,"ATGCAT,ACTAGT,TACGTA,ATCGAT,AAGCTT,CACGTG",1.01700000000028
"37",6,80,7,"ACTAGT,GAATTC,ACCGGT,AAGCTT,TTTAAA,CGTACG",11.0450000000001
"38",6,80,8,"ACATGT,ATGCAT,ATCGAT,AACGTT,GCGCGC,CTCGAG",10.8999999999996
"39",6,80,9,"GCCGGC,GTCGAC,CTTAAG,AATATT,GCTAGC,CAATTG",11.0129999999999
"40",6,80,10,"ACATGT,GGGCCC,AGTACT,AGATCT,GCGCGC,CACGTG",0.733999999999924
"41",6,100,1,"CCCGGG,CGTACG,TCATGA,AACGTT,CCTAGG,GTCGAC",10.8700000000003
"42",6,100,2,"GTTAAC,CCGCGG,GAGCTC,TACGTA,CGTACG,TGTACA",12.4210000000003
"43",6,100,3,"GAGCTC,TCCGGA,GCATGC,AATATT,TACGTA,AGATCT",0.627999999999702
"44",6,100,4,"CGTACG,GCCGGC,GCATGC,ATCGAT,CCGCGG,CAGCTG",2.60299999999961
"45",6,100,5,"TGGCCA,TACGTA,TTCGAA,ATCGAT,GTCGAC,TCGCGA",7.2199999999998
"46",6,100,6,"ATGCAT,TTTAAA,GACGTC,TGCGCA,TCCGGA,CTTAAG",7.25199999999995
"47",6,100,7,"GATATC,ACGCGT,GTTAAC,AAGCTT,GCCGGC,CGATCG",6.46299999999974
"48",6,100,8,"AACGTT,CGATCG,GAATTC,GACGTC,CTTAAG,TCCGGA",18.1770000000001
"49",6,100,9,"TCGCGA,ACATGT,TACGTA,TGCGCA,CGTACG,TTCGAA",1.42799999999988
"50",6,100,10,"TGCGCA,GGCGCC,CTTAAG,CTGCAG,CCCGGG,ATCGAT",6.69500000000016
