,n_sites,oligo_lengths,rep,sites,time,code,orig_status,final_status
1,5,10,1,"GTTAAC,CGTACG,AATATT,CCGCGG,GTGCAC",0.882,NNVWBNVDNN,OPTIMAL,OPTIMAL
2,5,10,2,"ACGCGT,TGGCCA,AACGTT,CGGCCG,AGATCT",0.106,BNHNYHNNNN,OPTIMAL,OPTIMAL
3,5,10,3,"CCATGG,TGATCA,ACGCGT,CCTAGG,CACGTG",0.148,NNNHWNYNNN,OPTIMAL,OPTIMAL
4,5,10,4,"CCTAGG,AGTACT,GGTACC,GGATCC,ATTAAT",0.081,NHNNVMVNNN,OPTIMAL,OPTIMAL
5,5,10,5,"CGATCG,GGGCCC,GATATC,GTGCAC,ATTAAT",0.178,NHHNVVVNDN,OPTIMAL,OPTIMAL
6,5,10,6,"CATATG,TTTAAA,TGGCCA,ATTAAT,CGGCCG",0.083,NNNHBYNBNN,OPTIMAL,OPTIMAL
7,5,10,7,"GGGCCC,GATATC,GGTACC,TTTAAA,GGATCC",0.034,NHVNHVNDNN,OPTIMAL,OPTIMAL
8,5,10,8,"TCATGA,TCTAGA,GAATTC,GACGTC,CGTACG",0.311,NNNBHKBBNN,OPTIMAL,OPTIMAL
9,5,10,9,"AAGCTT,CAGCTG,GTATAC,GGCGCC,AGATCT",0.206,NHBNMHNDNN,OPTIMAL,OPTIMAL
10,5,10,10,"GTATAC,CCATGG,GCTAGC,GAATTC,CCCGGG",0.278,NNNVMDVHNN,OPTIMAL,OPTIMAL
11,5,15,1,"GGATCC,CGGCCG,TCATGA,AGATCT,CGATCG",0.775,NNNBWVNVHDDBDNN,OPTIMAL,OPTIMAL
12,5,15,2,"CAATTG,GTGCAC,TTATAA,TTCGAA,GATATC",0.398,NNVNSNBHNDSNBNN,OPTIMAL,OPTIMAL
13,5,15,3,"GTGCAC,CTTAAG,TGATCA,TGGCCA,CGGCCG",0.478,NNNVDWDNHDNBDNN,OPTIMAL,OPTIMAL
14,5,15,4,"GTTAAC,CTTAAG,TGTACA,GGGCCC,CCCGGG",0.115,NNVNNWBNVWNNBNN,OPTIMAL,OPTIMAL
15,5,15,5,"GCGCGC,ATGCAT,GGTACC,GCATGC,TTCGAA",1.183,NNVNBDDNWNWNNBN,OPTIMAL,OPTIMAL
16,5,15,6,"CCTAGG,GAATTC,ACATGT,GTATAC,GTCGAC",0.36,NNBHNHDWHDNDVNN,OPTIMAL,OPTIMAL
17,5,15,7,"CTTAAG,TGGCCA,ATCGAT,CCGCGG,AGATCT",1.005,NNMNNMNHVHMHNNN,OPTIMAL,OPTIMAL
18,5,15,8,"CCGCGG,TTATAA,GGGCCC,GGATCC,TTTAAA",0.534,NNHNDSHNDDNBDBN,OPTIMAL,OPTIMAL
19,5,15,9,"TGGCCA,CATATG,GCATGC,GGTACC,GACGTC",0.593,NNNDVDHWDHBHNNN,OPTIMAL,OPTIMAL
20,5,15,10,"CTCGAG,CCCGGG,GGGCCC,GTCGAC,AGATCT",0.087,NNBNHWNNNWDNVNN,OPTIMAL,OPTIMAL
21,5,20,1,"GCTAGC,GTATAC,CAGCTG,GTGCAC,AGTACT",4.941,NNVHBHNWNDNDNRWBNNDN,OPTIMAL,OPTIMAL
22,5,20,2,"AGCGCT,TTTAAA,GGTACC,ACCGGT,CCCGGG",0.399,NDVDNVDNVDNVDNVDNVDN,OPTIMAL,OPTIMAL
23,5,20,3,"TTATAA,GGATCC,GCGCGC,CCTAGG,AATATT",4.054,NNNVHSDNHNDSHNDBYNNN,OPTIMAL,OPTIMAL
24,5,20,4,"TGCGCA,GCTAGC,TTCGAA,CCTAGG,ATGCAT",5.865,NNNNYBDBWNHVNBDDWNNN,OPTIMAL,OPTIMAL
25,5,20,5,"GCATGC,CCGCGG,CCTAGG,AGCGCT,GGTACC",0.387,NDNDDNDDNDDNDDNDDNDN,OPTIMAL,OPTIMAL
26,5,20,6,"ACATGT,ATGCAT,ACTAGT,TTCGAA,CCCGGG",6.414,NNDNNSBBWNNDBVSBNHNN,OPTIMAL,OPTIMAL
27,5,20,7,"TCATGA,CAATTG,TCCGGA,AAGCTT,CCATGG",6.928,NNKDNDNNSNSBBNBHBHNN,OPTIMAL,OPTIMAL
28,5,20,8,"GTGCAC,TACGTA,TTTAAA,CGATCG,CATATG",6.858,NVNNVHWRNHNNSNSNNDNH,OPTIMAL,OPTIMAL
29,5,20,9,"GTTAAC,CTTAAG,GAATTC,ACCGGT,GTGCAC",4.409,NNBHBNSNVDVNVDVRNVNN,OPTIMAL,OPTIMAL
30,5,20,10,"GAATTC,AGCGCT,TGATCA,AGATCT,ATTAAT",4.814,NBNBKNBNBKBNBBBNVVNN,OPTIMAL,OPTIMAL
31,5,25,1,"GACGTC,ACATGT,CGATCG,ATTAAT,CCTAGG",138.948,NNBBBDNWNYNBNVHRNWNHVVVNN,OPTIMAL,OPTIMAL
32,5,25,2,"CCATGG,GGCGCC,TGATCA,ACGCGT,TCTAGA",170.011,NNDNHBKBVVDDHVDVHNDBWNNBN,OPTIMAL,OPTIMAL
33,5,25,3,"TGCGCA,AGCGCT,AGTACT,ACATGT,TTCGAA",90.197,NNNNWBVMBNBNVKBBHVBBDDNNN,OPTIMAL,OPTIMAL
34,5,25,4,"TCATGA,CACGTG,AAGCTT,CCCGGG,TCGCGA",16.563,NNBDDHBDDNBDRNNDVHVDNHVNN,OPTIMAL,OPTIMAL
35,5,25,5,"CGATCG,GCGCGC,ATCGAT,GAATTC,GTGCAC",13.911,NNBHNDVNSHNRBHHNVBBHNDVNN,OPTIMAL,OPTIMAL
36,5,25,6,"GATATC,GCATGC,ATTAAT,CTCGAG,GAGCTC",9.139,NNNNBKKNNNBKKHNNNDMMVNNNN,OPTIMAL,OPTIMAL
37,5,25,7,"GACGTC,GGCGCC,GGTACC,AATATT,TGCGCA",74.675,NNNYYNNNYYNNNYYNNDBYNDNNN,OPTIMAL,OPTIMAL
38,5,25,8,"AGGCCT,GATATC,GCTAGC,ACGCGT,AACGTT",64.297,BNNNBDVWBYNBNBNVWBHNDNDVN,OPTIMAL,OPTIMAL
39,5,25,9,"CTCGAG,TGCGCA,AACGTT,TTTAAA,TCTAGA",89.053,NVVNDRNNRNVRNVNVNSNSDNHNN,OPTIMAL,OPTIMAL
40,5,25,10,"ATTAAT,GGATCC,GTGCAC,CAATTG,GCATGC",115.861,NNBNYNDHMNMNVNVNSDHNRNVNN,OPTIMAL,OPTIMAL
41,5,30,1,"TCCGGA,GCGCGC,CCATGG,GAATTC,GTGCAC",24.584,NNHNVYHNNHHVHNHNWHDHDNNDRBNDNN,OPTIMAL,OPTIMAL
42,5,30,2,"ACCGGT,GCATGC,GCTAGC,GTATAC,GGGCCC",8.867,NHNVHNHYNHNVHNHNWNDNDNRDNDBNDN,OPTIMAL,OPTIMAL
43,5,30,3,"CAGCTG,CATATG,CCATGG,AACGTT,AAGCTT",95.457,NNNBDMNBNVBDMNBNSNNHBHVNKHVNNN,OPTIMAL,OPTIMAL
44,5,30,4,"CTTAAG,AGGCCT,GCTAGC,GGTACC,AGTACT",216.438,NHNNVWYNNHBNBDBDNWNWNHVHVNVDNN,OPTIMAL,OPTIMAL
45,5,30,5,"ACTAGT,CACGTG,CTTAAG,ATCGAT,CATATG",42.238,NNRNNVNVVVRVNVNVVRVNVNVVRVNNHN,OPTIMAL,OPTIMAL
46,5,30,6,"GGTACC,ATCGAT,ATGCAT,TACGTA,ACCGGT",13.992,NHNNVVVMNHNNVVVMNHNNVVVMBHNNVN,OPTIMAL,OPTIMAL
47,5,30,7,"GTCGAC,ACCGGT,CTTAAG,GGTACC,CACGTG",199.689,NNDDBDDKNNDDKNDNDNWNWNHNHVHHNN,OPTIMAL,OPTIMAL
48,5,30,8,"ACGCGT,TGTACA,GAATTC,GGCGCC,GCATGC",480.259,NNNBHDVKNNSDNWVVBHNVDNMBHDVNNN,OPTIMAL,OPTIMAL
49,5,30,9,"CCTAGG,GCTAGC,GGCGCC,TGATCA,GCCGGC",171.612,NNVVNWHHNNVHVBWNHVNNDHDWHDBNNN,OPTIMAL,OPTIMAL
50,5,30,10,"CCATGG,TCATGA,GAGCTC,TGGCCA,GGCGCC",111.051,NNDNWDNBDNWNNBWVNNWNHVNHWNHVNN,OPTIMAL,OPTIMAL