Column1,n_sites,oligo_lengths,rep,sites,time,code,orig_status,final_status,random_objval,random_runtime,random_code,greedy_objval,greedy_runtime,greedy_code
1,5,10,1,"GTTAAC,CGTACG,AATATT,CCGCGG,GTGCAC",0.882,NNVWBNVDNN,OPTIMAL,OPTIMAL,73728.0,0.810070093,NNNNNADRNV,93312.0,0.004047174,NBNBYHDDDN
2,5,10,2,"ACGCGT,TGGCCA,AACGTT,CGGCCG,AGATCT",0.106,BNHNYHNNNN,OPTIMAL,OPTIMAL,124416.0,0.898165426,NNNHDVVRNV,93312.0,0.00331059,VVVBNMHHNN
3,5,10,3,"CCATGG,TGATCA,ACGCGT,CCTAGG,CACGTG",0.148,NNNHWNYNNN,OPTIMAL,OPTIMAL,110592.0,0.844158878,NNNNNCBVHN,139968.0,0.003549235,VNHVDHHBNN
4,5,10,4,"CCTAGG,AGTACT,GGTACC,GGATCC,ATTAAT",0.081,NHNNVMVNNN,OPTIMAL,OPTIMAL,110592.0,0.802711084,NNNBNDMRHN,104976.0,0.004287125,BHBHNHVHVN
5,5,10,5,"CGATCG,GGGCCC,GATATC,GTGCAC,ATTAAT",0.178,NHHNVVVNDN,OPTIMAL,OPTIMAL,165888.0,0.823328943,NNNNDRVVDN,110592.0,0.00374766,DVNNNGNNDN
6,5,10,6,"CATATG,TTTAAA,TGGCCA,ATTAAT,CGGCCG",0.083,NNNHBYNBNN,OPTIMAL,OPTIMAL,196608.0,0.874523141,NNNHNCNNNN,124416.0,0.004305779,DVDRNNHBNN
7,5,10,7,"GGGCCC,GATATC,GGTACC,TTTAAA,GGATCC",0.034,NHVNHVNDNN,OPTIMAL,OPTIMAL,196608.0,0.813694144,NNNNNKDNKN,248832.0,0.010998681,HNNNVBDNDN
8,5,10,8,"TCATGA,TCTAGA,GAATTC,GACGTC,CGTACG",0.311,NNNBHKBBNN,OPTIMAL,OPTIMAL,98304.0,0.79152517,NNNNDKKKNN,93312.0,0.004136825,VBBBNKBBNN
9,5,10,9,"AAGCTT,CAGCTG,GTATAC,GGCGCC,AGATCT",0.206,NHBNMHNDNN,OPTIMAL,OPTIMAL,165888.0,1.015186773,NNNNVRDNVV,165888.0,0.005188536,DNNNNRDDDN
10,5,10,10,"GTATAC,CCATGG,GCTAGC,GAATTC,CCCGGG",0.278,NNNVMDVHNN,OPTIMAL,OPTIMAL,110592.0,0.974685921,NNNNVWNWDD,110592.0,0.003730289,HNHNHNWNWN
11,5,15,1,"GGATCC,CGGCCG,TCATGA,AGATCT,CGATCG",0.775,NNNBWVNVHDDBDNN,OPTIMAL,OPTIMAL,1.0077696e7,1.6816592,BDBBNHNTHHNNBKB,2.3887872e7,0.006035091,SNBBNHHWNBYNNNB
12,5,15,2,"CAATTG,GTGCAC,TTATAA,TTCGAA,GATATC",0.398,NNVNSNBHNDSNBNN,OPTIMAL,OPTIMAL,3.1850496e7,1.278268812,NNNVNKHHDSNNBNW,1.0077696e7,0.007030473,HVYHYVBNBBNKNBD
13,5,15,3,"GTGCAC,CTTAAG,TGATCA,TGGCCA,CGGCCG",0.478,NNNVDWDNHDNBDNN,OPTIMAL,OPTIMAL,1.8874368e7,1.347666729,NNNNNTNBNDNYYYN,1.7915904e7,0.005354608,DNNDNBYTNNHHBBN
14,5,15,4,"GTTAAC,CTTAAG,TGTACA,GGGCCC,CCCGGG",0.115,NNVNNWBNVWNNBNN,OPTIMAL,OPTIMAL,2.8311552e7,1.534575282,NNNNNTBNBNNTBNN,2.3887872e7,0.007001692,DNRNVRDVNWNBNNB
15,5,15,5,"GCGCGC,ATGCAT,GGTACC,GCATGC,TTCGAA",1.183,NNVNBDDNWNWNNBN,OPTIMAL,OPTIMAL,2.3887872e7,1.334293006,NNNHBDKNNKNKDBD,3.0233088e7,0.0079554,HNHHNHYHHVVBNND
16,5,15,6,"CCTAGG,GAATTC,ACATGT,GTATAC,GTCGAC",0.36,NNBHNHDWHDNDVNN,OPTIMAL,OPTIMAL,2.3887872e7,1.176772029,NNNNNADHDDNRVDN,1.5925248e7,0.006529098,HNNSVHWNWKNVNND
17,5,15,7,"CTTAAG,TGGCCA,ATCGAT,CCGCGG,AGATCT",1.005,NNMNNMNHVHMHNNN,OPTIMAL,OPTIMAL,2.3887872e7,1.369520597,NNNNKHVYNNBHBYV,1.0077696e7,0.005789659,BYVNDHNMMVHNHVH
18,5,15,8,"CCGCGG,TTATAA,GGGCCC,GGATCC,TTTAAA",0.534,NNHNDSHNDDNBDBN,OPTIMAL,OPTIMAL,2.8311552e7,1.243273549,NNNNNTNKNBNKDBN,3.0233088e7,0.006628467,VDNDNDSDVDNDNDB
19,5,15,9,"TGGCCA,CATATG,GCATGC,GGTACC,GACGTC",0.593,NNNDVDHWDHBHNNN,OPTIMAL,OPTIMAL,1.5925248e7,1.263502562,NNNNHTHNHNNHWHW,3.5831808e7,0.005349457,VNBNNWNWHHNHNHH
20,5,15,10,"CTCGAG,CCCGGG,GGGCCC,GTCGAC,AGATCT",0.087,NNBNHWNNNWDNVNN,OPTIMAL,OPTIMAL,2.8311552e7,1.489032754,NNNNHANNNDNANNV,2.0155392e7,0.00723376,DDDNDKNVWDHVNND
21,5,20,1,"GCTAGC,GTATAC,CAGCTG,GTGCAC,AGTACT",4.941,NNVHBHNWNDNDNRWBNNDN,OPTIMAL,OPTIMAL,6.115295232e9,1.766648863,NNNNVRDNNMRDNVVRDNNM,9.795520512e9,0.006505104,DNNNDDDDDDDDDDDRDNDN
22,5,20,2,"AGCGCT,TTTAAA,GGTACC,ACCGGT,CCCGGG",0.399,NDVDNVDNVDNVDNVDNVDN,OPTIMAL,OPTIMAL,1.2230590464e10,1.766989426,NDDNNKNVKNNDNKNVKNND,4.586471424e9,0.009339885,BHNBNWSDDKNNKNVKNNDN
23,5,20,3,"TTATAA,GGATCC,GCGCGC,CCTAGG,AATATT",4.054,NNNVHSDNHNDSHNDBYNNN,OPTIMAL,OPTIMAL,5.159780352e9,1.759591611,NBNNNTBDNNBKDNHKBDDN,1.934917632e9,0.009594493,VNVMNKBKHBDBNSMNDNHV
24,5,20,4,"TGCGCA,GCTAGC,TTCGAA,CCTAGG,ATGCAT",5.865,NNNNYBDBWNHVNBDDWNNN,OPTIMAL,OPTIMAL,8.264970432e9,1.557371014,NDNNBBBBBBBBBBBBBBBB,5.804752896e9,0.008963074,BDNVVSBBNNWBWNNNBBBB
25,5,20,5,"GCATGC,CCGCGG,CCTAGG,AGCGCT,GGTACC",0.387,NDNDDNDDNDDNDDNDDNDN,OPTIMAL,OPTIMAL,7.247757312e9,1.94666511,NNNNNANWNNNNVANNDNVW,2.1743271936e10,0.008838103,BNNNNWNWBNHNWNWHNNNN
26,5,20,6,"ACATGT,ATGCAT,ACTAGT,TTCGAA,CCCGGG",6.414,NNDNNSBBWNNDBVSBNHNN,OPTIMAL,OPTIMAL,3.623878656e9,1.708308595,NNNNNCNVYNNMVNYNVMSN,5.159780352e9,0.00810355,BNNBNYBVYBNHVVCNNHNN
27,5,20,7,"TCATGA,CAATTG,TCCGGA,AAGCTT,CCATGG",6.928,NNKDNDNNSNSBBNBHBHNN,OPTIMAL,OPTIMAL,4.586471424e9,1.626392361,NNNNNCNVBBHVNBYMNNYH,4.586471424e9,0.009349857,VNHHNMNMNVHMHMNNHMNN
28,5,20,8,"GTGCAC,TACGTA,TTTAAA,CGATCG,CATATG",6.858,NVNNVHWRNHNNSNSNNDNH,OPTIMAL,OPTIMAL,8.153726976e9,1.718435541,NNNNBYYNNBNYYHNBNSND,1.719926784e9,0.009347793,HDNNNTBHDKDNTDNYNNBN
29,5,20,9,"GTTAAC,CTTAAG,GAATTC,ACCGGT,GTGCAC",4.409,NNBHBNSNVDVNVDVRNVNN,OPTIMAL,OPTIMAL,5.804752896e9,1.705575223,NNNVBVRVVNVVVRVVNNRV,1.836660096e9,0.00740367,HDHHRHDHHRHDHHRHDNND
30,5,20,10,"GAATTC,AGCGCT,TGATCA,AGATCT,ATTAAT",4.814,NBNBKNBNBKBNBBBNVVNN,OPTIMAL,OPTIMAL,1.1609505792e10,1.64227647,NNNNNGNVNVNVVVVVVVVV,1.1609505792e10,0.007579631,VBNBNSNVNVHMVBNNVVNV
31,5,25,1,"GACGTC,ACATGT,CGATCG,ATTAAT,CCTAGG",138.948,NNBBBDNWNYNBNVHRNWNHVVVNN,OPTIMAL,OPTIMAL,9.90677827584e11,2.436969587,NNNNVMVVNDVMVVVNVMNVMNNAN,7.43008370688e11,0.010213876,NBNNNMHMHHHHMMVNSVNDSHNNV
32,5,25,2,"CCATGG,GGCGCC,TGATCA,ACGCGT,TCTAGA",170.011,NNDNHBKBVVDDHVDVHNDBWNNBN,OPTIMAL,OPTIMAL,7.43008370688e11,2.295319895,NDNHNBKMHNBBMHNYHNBYHNBYN,3.30225942528e11,0.011433376,SNVNNWVHYBKNBBKDNYKNWNBBN
33,5,25,3,"TGCGCA,AGCGCT,AGTACT,ACATGT,TTCGAA",90.197,NNNNWBVMBNBNVKBBHVBBDDNNN,OPTIMAL,OPTIMAL,1.565515579392e12,2.084761901,NNNHNVSNSSVDNNNVSSSSVNNNN,8.47288609443e11,0.006918845,VVVVVVVVVVVVVVVVVVVVVVVVV
34,5,25,4,"TCATGA,CACGTG,AAGCTT,CCCGGG,TCGCGA",16.563,NNBDDHBDDNBDRNNDVHVDNHVNN,OPTIMAL,OPTIMAL,4.458050224128e12,2.405570837,NNNNHMNHHVNHMNHHVNHMNHHVN,1.785233613312e12,0.013212516,VBNNHHHHHHHHHHHHHHHVBHMNN
35,5,25,5,"CGATCG,GCGCGC,ATCGAT,GAATTC,GTGCAC",13.911,NNBHNDVNSHNRBHHNVBBHNDVNN,OPTIMAL,OPTIMAL,2.380311484416e12,1.862684325,NNNNDRVNDDDDDDDDDDDDDDDDD,1.880739938304e12,0.016505171,DVNNNDRVHDDDDNDRVNDKDDNND
36,5,25,6,"GATATC,GCATGC,ATTAAT,CTCGAG,GAGCTC",9.139,NNNNBKKNNNBKKHNNNDMMVNNNN,OPTIMAL,OPTIMAL,2.507653251072e12,2.002099309,NNNNBKDHVNDDNRVVNDDDRVVND,1.586874322944e12,0.008207068,HDDNNVVVMNDDDVVVNDDDRVVND
37,5,25,7,"GACGTC,GGCGCC,GGTACC,AATATT,TGCGCA",74.675,NNNYYNNNYYNNNYYNNDBYNDNNN,OPTIMAL,OPTIMAL,1.785233613312e12,1.917670516,NNNNDRDVDVDVDVDVDVDVDVDVD,6.26913312768e11,0.012235238,VBNBNDKBHVDSNVWSNSNBDDDND
38,5,25,8,"AGGCCT,GATATC,GCTAGC,ACGCGT,AACGTT",64.297,BNNNBDVWBYNBNBNVWBHNDNDVN,OPTIMAL,OPTIMAL,1.761205026816e12,1.995253584,NNNNNRRDNNRNRVNVVRVNVVRVN,1.506290861232e12,0.014998355,HHHNNVVVVVVVVVVVVVVVVVVVV
39,5,25,9,"CTCGAG,TGCGCA,AACGTT,TTTAAA,TCTAGA",89.053,NVVNDRNNRNVRNVNVNSNSDNHNN,OPTIMAL,OPTIMAL,5.21838526464e11,2.465095669,NNNNHCNNMNNCHNNBHCNNHNNCN,9.90677827584e11,0.011240903,DBNBNBKNYBNBKNYBNBKNYNNBB
40,5,25,10,"ATTAAT,GGATCC,GTGCAC,CAATTG,GCATGC",115.861,NNBNYNDHMNMNVNVNSDHNRNVNN,OPTIMAL,OPTIMAL,1.486016741376e12,2.296813564,NNNVBNWNRDVNNDDAVVNVNVDNW,7.05277476864e11,0.010864284,HBHNNVKBWYHDNVBBDYBDNVNDD
41,5,30,1,"TCCGGA,GCGCGC,CCATGG,GAATTC,GTGCAC",24.584,NNHNVYHNNHHVHNHNWHDHDNNDRBNDNN,OPTIMAL,OPTIMAL,6.85529707511808e14,2.332235214,NNNNHDWDWNDNDNDDDDDDDDDDDDDDDD,7.71220920950784e14,0.012763746,VNHNNWDHDDNDBDDDBDDDBDDDBDDNND
42,5,30,2,"ACCGGT,GCATGC,GCTAGC,GTATAC,GGGCCC",8.867,NHNVHNHYNHNVHNHNWNDNDNRDNDBNDN,OPTIMAL,OPTIMAL,7.71220920950784e14,2.23454783,NNNNHDDRDNDNDDDDDDDDDDDDDDDDDD,6.85529707511808e14,0.012564604,HHBNHDNDDYNDHDNDDYNDHDNDDNDDDD
43,5,30,3,"CAGCTG,CATATG,CCATGG,AACGTT,AAGCTT",95.457,NNNBDMNBNVBDMNBNSNNHBHVNKHVNNN,OPTIMAL,OPTIMAL,4.81469424205824e14,2.410678555,NNNNNMVNVHMNHVHMNHVHMNHVHMNHVH,7.71220920950784e14,0.013321495,NNNBDMDNDVDVDVDVDVDVDVDVDVNVNV
44,5,30,4,"CTTAAG,AGGCCT,GCTAGC,GGTACC,AGTACT",216.438,NHNNVWYNNHBNBDBDNWNWNHVHVNVDNN,OPTIMAL,OPTIMAL,2.25434243432448e14,2.999836284,NNNNBRNANDNNVANNNNVAHNNNBVVANN,1.01559956668416e14,0.020440623,BVVNSRNBSNVVDBNVABDNBSNVVDNDDH
45,5,30,5,"ACTAGT,CACGTG,CTTAAG,ATCGAT,CATATG",42.238,NNRNNVNVVVRVNVNVVRVNVNVVRVNNHN,OPTIMAL,OPTIMAL,4.57019805007872e14,2.471239772,NNNNNMMHNVVMVVVNHHHHHHHHHHHHHH,4.88038239039168e14,0.009659634,DDNVNVVVVNHHHHHHHHHHHHHHHHHHHH
46,5,30,6,"GGTACC,ATCGAT,ATGCAT,TACGTA,ACCGGT",13.992,NHNNVVVMNHNNVVVMNHNNVVVMBHNNVN,OPTIMAL,OPTIMAL,9.14039610015744e14,2.58076463,NNNNVRVVNHNDVVVVVVVVVVVVVVMNNV,1.083306204463104e15,0.011075519,VHHNNVVVMNHNNVVVMNHNNVVVRVVNNV
47,5,30,7,"GTCGAC,ACCGGT,CTTAAG,GGTACC,CACGTG",199.689,NNDDBDDKNNDDKNDNDNWNWNHNHVHHNN,OPTIMAL,OPTIMAL,5.14147280633856e14,2.305572035,NNNNHWHWHHNHNHHHHHHHHHHHHHHHHH,5.41653102231552e14,0.011450027,HDNHNHDHHHHBNMWHHNHNHHYNNMHHNN
48,5,30,8,"ACGCGT,TGTACA,GAATTC,GGCGCC,GCATGC",480.259,NNNBHDVKNNSDNWVVBHNVDNMBHDVNNN,OPTIMAL,OPTIMAL,5.78415690713088e14,2.169267393,NNNNDRDNDDDDDDDDDDDDDDDDDDDDDD,5.07227047723008e14,0.013051822,VBNNNRDNRNDRNNRNDRNNRNDRNNDDDD
49,5,30,9,"CCTAGG,GCTAGC,GGCGCC,TGATCA,GCCGGC",171.612,NNVVNWHHNNVHVBWNHVNNDHDWHDBNNN,OPTIMAL,OPTIMAL,4.74989023199232e14,2.976923306,NNNNNTNYNNNWNTNNNNBTNHNNBWNWNN,6.41959232274432e14,0.012516451,VDNNNDDWNKBDHDDNDNKDNDNKWNDNNB
50,5,30,10,"CCATGG,TCATGA,GAGCTC,TGGCCA,GGCGCC",111.051,NNDNWDNBDNWNNBWVNNWNHVNHWNHVNN,OPTIMAL,OPTIMAL,4.50868486864896e14,3.185100438,NNNNNTWNNNNBTDNNDVKDNNDWHNNNBY,2.40734712102912e14,0.0127777,VNVNNWDHRNNKVDDDBDDNBGNDWNNNDB
