Column1,n_sites,rep,sites,time,degeneracy,random_objval,random_runtime,random_code,greedy_objval,greedy_runtime,greedy_code
1,5,1,"AAGCTT,AACGTT,ACCGGT,ATGCAT,GCGCGC",18.4769999999999,13759414272,6.879707136e9,1.342615165,NNNNNRRVNVHVRVVNMHVN,6.198727824e9,0.205395542,HHHHHHHHHHHHHHHNNVVV
2,5,2,"TGTACA,GACGTC,AGGCCT,TCGCGA,GGCGCC",8.59900000000016,15479341056,1.0319560704e10,1.580852298,NNNNDKDDNKNDKNDDDDNB,4.353564672e9,0.007452409,VHVMVNNDVWVHBMHNNDNB
3,5,3,"CAGCTG,GATATC,AACGTT,GTATAC,GCTAGC",5.07900000000018,18345885696,5.435817984e9,1.414817276,NNNNNADKNNNDDRRNNVNR,5.509980288e9,0.008848754,HNHHHHWHHHHHHHNHVNVD
4,5,4,"GGATCC,AGTACT,TGCGCA,GCGCGC,AATATT",4.53999999999996,16307453952,6.879707136e9,1.344864846,NNNNNGDNDNDRNVDVDRNV,9.172942848e9,0.00579678,VNNBNDRNNDVRDNWVRNNN
5,5,5,"TGCGCA,ATGCAT,GTTAAC,TGATCA,AACGTT",0.93100000000004,20639121408,9.172942848e9,1.330104391,NNNNNGNSNBNBNSBBBBNB,7.346640384e9,0.006129462,HHVVNVBVSBVBBNBHBNBN
6,5,6,"GCCGGC,GGATCC,AAGCTT,AGTACT,GCGCGC",4.01400000000012,18345885696,1.0319560704e10,1.338984329,NNNNNRDDDNRNVDVDRNVD,8.707129344e9,0.006964765,NNNDDDNRBVDVDDNRNVDV
7,5,7,"CCCGGG,GCCGGC,CTTAAG,ACTAGT,CTCGAG",1.16200000000003,24461180928,1.1019960576e10,1.449363793,NNNNHHHHHHHHHHHHHHHH,9.172942848e9,0.007217376,HNNNHHYNYNNHHYNNMHHN
8,5,8,"TGCGCA,TGTACA,GGCGCC,CGATCG,AATATT",5.15100000000007,13759414272,5.159780352e9,1.566009992,NHNNVVBKNDDNYCNHNNHV,1.632586752e9,0.008061827,RBVNBKWVBBHYHHHHNVNV
9,5,9,"GAGCTC,CACGTG,TGTACA,TTATAA,TGCGCA",14.4760000000001,11609505792,4.586471424e9,1.375908927,NNNHNKHYBNNNBTWNBNBB,6.198727824e9,0.006052045,DHBNDDBBDDDBBDDBBDDN
10,5,10,"AAGCTT,TGATCA,GCGCGC,CCTAGG,CTGCAG",20.0119999999999,11609505792,4.076863488e9,1.462620231,NBNNNTNBHHNYNMNWNHNM,2.902376448e9,0.007329315,VBVNNTVNHYBNNHYBBNHH
11,10,1,"CCATGG,GCTAGC,GCGCGC,CAATTG,GATATC,TTATAA,CACGTG,GTATAC,CTGCAG,GGTACC",20.018,4353564672,1.719926784e9,4.031271819,NNNVVWMNDWVHDKBYBNNW,3.82205952e8,0.011948655,HVHMKVWSWHHNWSWNNSNN
12,10,2,"TCTAGA,ACCGGT,CCATGG,CGTACG,GTCGAC,GGGCCC,GTGCAC,ACTAGT,GATATC,AATATT",20.019,2579890176,1.451188224e9,3.49139964,HDVNDNGMDDNDVDGNNDND,6.44972544e8,0.01031613,VNMVVRVVDNVAWNHRNSHN
13,10,3,"CTTAAG,TACGTA,ACTAGT,CTGCAG,CAGCTG,AGATCT,GCGCGC,GTGCAC,AGCGCT,TGGCCA",20.019,3869835264,1.451188224e9,6.303292711,HHHNNCHYNNHHYVHYNHHH,1.289945088e9,0.010557825,VWNNDWYSVWNNDWBVVDNB
14,10,4,"GGCGCC,ATGCAT,TGATCA,CTGCAG,AGGCCT,GTATAC,CACGTG,CAGCTG,GCATGC,CTCGAG",20.0440000000001,6198727824,5.435817984e9,3.707562923,DHNNBWMNNWNNKWNNKDNN,9.67458816e8,0.015739886,DNNNWRDHDDDARDMNVDNH
15,10,5,"ACTAGT,CACGTG,GCGCGC,AATATT,CAATTG,CCTAGG,ACGCGT,TGGCCA,GGGCCC,ACCGGT",20.018,5159780352,1.528823808e9,2.846913237,DHNNNRMNGHNVNDMNANVN,1.934917632e9,0.010261768,VKNNVDDMDVNRVVRNVRNV
16,10,6,"GGGCCC,TGTACA,AAGCTT,CTGCAG,CTCGAG,TCATGA,AGATCT,TCGCGA,ACATGT,GCCGGC",20.0339999999999,4076863488,1.088391168e9,2.321925,BDNBNWVSBVBDWNVBVSKD,9.67458816e8,0.009893393,VNVVNAVDBNVTNBTNNBNB
17,10,7,"GAGCTC,AAGCTT,CAATTG,AACGTT,ACATGT,GCTAGC,CGATCG,GAATTC,CGGCCG,CATATG",20.0170000000001,5509980288,3.439853568e9,2.632526576,NNNNNAVDVNVHRVDRNRNV,2.176782336e9,0.019250507,HNHNRVDVHRHVVNRVDRND
18,10,8,"CATATG,GAATTC,AATATT,ATCGAT,TTATAA,CACGTG,AGTACT,GGTACC,CGGCCG,CGTACG",20.0170000000001,4586471424,1.451188224e9,2.993945183,BHNVVNMHAVHNNVVMMHND,1.088391168e9,0.012779801,DNDVNRSRBHBWVNMBVVDV
19,10,9,"ACGCGT,GGCGCC,AGCGCT,GTCGAC,CACGTG,CCATGG,TGTACA,ATCGAT,GGGCCC,CGTACG",12.4259999999999,10319560704,2.902376448e9,3.534803055,BHDNHWDNHHBBYHNYHNYN,4.353564672e9,0.016201601,BNVDNWNHBWVDNWHHBNVV
20,10,10,"CGATCG,CAATTG,TCATGA,CCATGG,GGATCC,TTATAA,TGCGCA,GCATGC,GGGCCC,CGGCCG",20.0170000000001,5804752896,1.528823808e9,2.909648662,NNNNBTHNBNBYTNNBNBTN,1.528823808e9,0.011598678,NNVHSTNNNNSTNDDNBWBN
21,15,1,"TGCGCA,ATGCAT,CTTAAG,CCTAGG,CCATGG,TGTACA,TCGCGA,GTATAC,CATATG,TTATAA,ATCGAT,GGGCCC,AGCGCT,GAATTC,AGGCCT",20.0249999999999,1451188224,3.22486272e8,4.006940957,DBNNDGHVRDNHARBNNVRY,4.29981696e8,0.010865035,DVYVNSHBRMHRNNMSRVNV
22,15,2,"ACATGT,GCTAGC,TGGCCA,CCGCGG,TGATCA,GCGCGC,AGTACT,ACTAGT,TGCGCA,ATCGAT,CGATCG,GGATCC,CTGCAG,CCATGG,GTATAC",20.0149999999999,4649045868,9.67458816e8,4.685372344,VDNNVAVDNNVAVDNNVAVN,5.09607936e8,0.010432732,BNSNNTNWVDHRMSDNNMWN
23,15,3,"AATATT,CCATGG,GGGCCC,TGTACA,CACGTG,CGTACG,CAATTG,GAGCTC,CTGCAG,GGCGCC,GACGTC,TACGTA,ACATGT,ACGCGT,TGATCA",20.021,1289945088,3.22486272e8,4.568451273,DDHNNGVNAVNBTBNBNBTN,4.83729408e8,0.019456056,VKNDVWRDVDVDRNGVDRNN
24,15,4,"GCATGC,GAGCTC,AATATT,GTTAAC,TTCGAA,GGCGCC,GAATTC,GATATC,ACATGT,CGTACG,GGGCCC,TGTACA,TCCGGA,GTGCAC,GCTAGC",20.02,2293235712,8.16293376e8,3.196906678,VNBBBDKKDNKBDDKDDRDD,1.019215872e9,0.017203205,VVVNHRRRNNRNRRHNGNNN
25,15,5,"GACGTC,CTCGAG,AACGTT,CCTAGG,GTATAC,TCATGA,GTCGAC,ATTAAT,GCATGC,TGTACA,TTTAAA,AGCGCT,TCCGGA,AGTACT,ACTAGT",20.0170000000001,2293235712,2.324522934e9,5.436513433,BVBBBKBBBBBBBBBBBBBB,5.44195584e8,0.022826483,HVNBRBADNWVVSVSVVNVD
26,15,6,"AATATT,TCCGGA,GGCGCC,GAGCTC,TACGTA,CCTAGG,CATATG,GCATGC,AGCGCT,ATGCAT,ATTAAT,CTGCAG,AAGCTT,GGATCC,CGGCCG",20.019,3265173504,1.289945088e9,5.886941792,HNNHNMRMVNVDMRWBDNVV,8.59963392e8,0.012932478,VNNNVAMHBNNMMMDHNMVV
27,15,7,"GTTAAC,GCATGC,TTATAA,GTGCAC,CTGCAG,CGATCG,TCATGA,GAATTC,TGGCCA,CCCGGG,AGCGCT,ACCGGT,GCTAGC,GGCGCC,GTATAC",20.019,2293235712,6.44972544e8,12.22266309,BHHNNTNYBHNWBKBNBKKH,7.25594112e8,0.022053025,BNVNHTDRDDBDRRDRNNDD
28,15,8,"ACCGGT,CATATG,ATCGAT,GCGCGC,AATATT,ACTAGT,GAGCTC,CGATCG,CCATGG,GGTACC,GATATC,TGTACA,TTATAA,GTCGAC,GCTAGC",20.0150000000003,3057647616,7.25594112e8,5.149959088,HVVNVMDDMVBNRVRDNHAN,3.82205952e8,0.014504908,NTHNNGDVNKKSDNDGNNDN
29,15,9,"CGATCG,GAATTC,GGATCC,GTCGAC,GCGCGC,CAATTG,CACGTG,CGTACG,GAGCTC,GGGCCC,AGATCT,CCTAGG,ATTAAT,GTTAAC,CATATG",20.0160000000001,2717908992,1.146617856e9,5.413934631,NNNNVARNVNNRWANHDBVD,6.44972544e8,0.023523364,NHHNNAMMYHNHVHCHNNHH
30,15,10,"TCATGA,AGCGCT,TCCGGA,GCATGC,CCATGG,GATATC,TTCGAA,GGATCC,CGTACG,TGATCA,TACGTA,CTGCAG,CACGTG,GAGCTC,GGGCCC",20.0159999999996,5509980288,8.59963392e8,6.761286527,DNNHNKTYHNNYYBNBYBDB,5.44195584e8,0.017667248,VVNWNTDVDHBKHKNKDBDH
31,20,1,"ACTAGT,CATATG,AAGCTT,CTTAAG,AGCGCT,CCGCGG,AGTACT,TCATGA,TCGCGA,GACGTC,CGTACG,AATATT,ACCGGT,TGTACA,CAGCTG,TTATAA,TGATCA,GTCGAC,GGTACC,GTTAAC",20.0149999999999,1019215872,4.08146688e8,9.090735176,VVVNVMAVDVHVDRRVNVVR,9.5551488e7,0.022794388,NTVYGNBHYDBWSYSNVWNN
32,20,2,"CACGTG,AACGTT,GAGCTC,CTCGAG,CGTACG,TCATGA,GTCGAC,GACGTC,TTTAAA,CATATG,GGCGCC,CCATGG,AGCGCT,CGATCG,CCGCGG,AGATCT,GGGCCC,CGGCCG,ATTAAT,AAGCTT",20.0160000000001,1719926784,4.29981696e8,9.43218098,DDDNDGNNAVNVNVANNCNV,3.22486272e8,0.058162378,DVDVRNAHWRNVNVRHANHN
33,20,3,"CGGCCG,GCCGGC,GTGCAC,CCTAGG,AGATCT,GGATCC,TTATAA,TGGCCA,ACGCGT,TTTAAA,TGATCA,TACGTA,GCGCGC,AGCGCT,CGATCG,GACGTC,CAATTG,GAGCTC,CGTACG,CCCGGG",20.018,1451188224,2.04073344e8,6.755929497,DBHMHBHYNCVVHNHADYHH,1.27401984e8,0.017173485,VHNMWDYYCVNMWNANNSNV
34,20,4,"CATATG,GCGCGC,CAATTG,TCTAGA,TGTACA,ACGCGT,TTTAAA,GTATAC,AATATT,GCATGC,TGCGCA,TTCGAA,GGGCCC,ACTAGT,GATATC,AGATCT,GTTAAC,GTGCAC,GCCGGC,CGTACG",20.0190000000002,859963392,1.81398528e8,6.85789785,DHDBNRBGWBHBDBTNNGNB,1.50994944e8,0.016339914,VYRNNGNKRNDGRNNRNRRN
35,20,5,"TCGCGA,TGTACA,AGTACT,TGGCCA,ACATGT,CGTACG,ACGCGT,ATGCAT,ACTAGT,TACGTA,ATCGAT,AAGCTT,CACGTG,CTCGAG,GAATTC,ACCGGT,TTTAAA,CGATCG,GCCGGC,AACGTT",20.0169999999998,967458816,2.86654464e8,6.421265694,HVNNNCMSHDNMNCHVHNNC,8.59963392e8,0.013804356,NKMNNMHMHNMHVMHMHNVV
36,20,6,"GCGCGC,CTCGAG,GCCGGC,CTTAAG,CAGCTG,GCTAGC,CAATTG,GGGCCC,AGTACT,AGATCT,TCTAGA,CACGTG,CCCGGG,CGTACG,TCATGA,AACGTT,CCTAGG,ATGCAT,CCGCGG,TACGTA",20.0149999999999,4649045868,5.73308928e8,5.737157796,DHNNHSCBWNWHHVMNMMNN,5.09607936e8,0.021664714,VBNNNAMMHNNMMMDNMNMV
37,20,7,"CGTACG,TGTACA,GAGCTC,TCCGGA,GCATGC,CAGCTG,TACGTA,AGATCT,TCTAGA,GCCGGC,ATCGAT,CCGCGG,CAATTG,TGGCCA,CTCGAG,TTCGAA,AAGCTT,GAATTC,TCGCGA,TTTAAA",20.0160000000001,1358954496,2.72097792e8,5.748850785,VVVHHAHVVDMVHMNHANMN,2.86654464e8,0.0183899,NKHNDCHCVBNYHVYNYYNN
38,20,8,"GACGTC,TGCGCA,TCCGGA,CTTAAG,GATATC,ACGCGT,GTTAAC,AAGCTT,GCCGGC,ACATGT,AACGTT,GAATTC,TCTAGA,CAGCTG,GTCGAC,TCGCGA,TACGTA,AATATT,CGTACG,TTCGAA",20.0230000000001,1358954496,7.25594112e8,6.392437236,HHDNHMHRRBVVNRKRVHND,2.41864704e8,0.02085373,HVDNVCMNHNHMAMVNVVMD
39,20,9,"TGCGCA,GGCGCC,CTTAAG,CTGCAG,CCCGGG,ATCGAT,ACTAGT,ACCGGT,TGGCCA,GCATGC,TACGTA,TTTAAA,TGATCA,GTGCAC,ATTAAT,GGTACC,ACGCGT,CGATCG,GTTAAC,GGGCCC",20.0170000000003,1146617856,1.53055008e8,5.22655617,BVDVDVAHDDBVYKRYHYDD,1.91102976e8,0.015091022,BNVWNTVHSBKMBARNNNNR
40,20,10,"GACGTC,TCCGGA,CCGCGG,TCGCGA,CGATCG,CGTACG,TTATAA,AGCGCT,CTCGAG,TACGTA,AATATT,GTGCAC,CGGCCG,AAGCTT,AACGTT,GTCGAC,GCTAGC,TGATCA,GTATAC,TCTAGA",20.0149999999999,644972544,6.44972544e8,7.631066618,DNDNDGNVWNDGDVNNDGDN,3.22486272e8,0.014513324,NYVNNTBWBDBKBKSDKNBH
41,1,1,CCATGG,0.0170000000000528,110075314176,1.10075314176e11,2.04009007,NNNNNHNHNHNHNHNHNHNH,1.10075314176e11,0.01250641,NNNNNHNHNHNHNHDHNHNN
42,1,2,CAATTG,0.0109999999999673,110075314176,3.0958682112e10,2.390091417,NNNNVNVNNMNNHHHHHHHH,1.10075314176e11,0.015084207,NNBNBNBNBNBNBNBNNNNH
43,1,3,TCGCGA,0.0209999999999582,110075314176,1.4693280768e10,1.417181834,NNNNNBBBBBBBBBBBBBBB,1.10075314176e11,0.014442108,NNNDDNNDDNNDDNNDNNBN
44,1,4,ACCGGT,0.00999999999999091,110075314176,1.4693280768e10,2.057730828,NNNNNVVVVVVVVVVVVVVV,1.10075314176e11,0.022340962,NNDNDNDNDNDNDNDNNNNV
45,1,5,CAGCTG,0.0080000000000382,82556485632,8.2556485632e10,3.54991822,NNNNNHHHNNNHHHNNNHHH,8.2556485632e10,0.029088547,NNNNNHHHNBNHHDNNHHNN
46,1,6,ACGCGT,0.00899999999990087,110075314176,1.4693280768e10,3.290806867,NNNNNVVVVVVVVVVVVVVV,1.10075314176e11,0.013250371,NNNDDNNDDNNDDNNDNNVN
47,1,7,AACGTT,0.00999999999999091,110075314176,1.10075314176e11,3.436381942,NNNNNVNVNVNVNVNVNVNV,1.10075314176e11,0.009233439,NNNNNVNVNVNVNVBVNVNN
48,1,8,CTTAAG,0.01400000000001,110075314176,3.0958682112e10,2.873221125,NNNNNHHYNBNBNNHHHHHH,1.10075314176e11,0.022351866,NNVNVNVNVNVNVNVNNNNH
49,1,9,ATGCAT,0.00900000000001455,110075314176,1.10075314176e11,3.300724375,NNNNNVVVVNNNNVVVVNNN,8.2556485632e10,0.022696941,NNNNNVVVVNVNNVVVVNNN
50,1,10,TTATAA,0.0399999999999636,195689447424,1.10075314176e11,2.506162134,NNNNNBNBNBNBNBNBNBNB,1.95689447424e11,0.013870197,NNNVNNBNVNNBNVNNBNNN
51,2,1,"ATCGAT,ATTAAT",0.0110000000000809,110075314176,1.10075314176e11,3.517873982,NNNNNVVVVNNNNVVVVNNN,8.2556485632e10,0.013065162,NNNNNVVVVNVNNVVVVNNN
52,2,2,"CAGCTG,CCGCGG",0.0130000000000337,82556485632,8.2556485632e10,3.018987595,NNNNNHHHNNNHHHNNNHHH,8.2556485632e10,0.019375179,NNNNNHHHNBNHHDNNHHNN
53,2,3,"GTTAAC,GAATTC",0.0810000000000173,82556485632,1.4693280768e10,1.409903673,NNNNNDDDDDDDDDDDDDDD,2.8991029248e10,0.013018448,NNNSHNNSHNNSHNNSNNNN
54,2,4,"TCGCGA,CAATTG",0.0540000000000873,46438023168,1.7414258688e10,1.318619764,NNNNNYHHNNHHHHHHHHHH,2.6121388032e10,0.008495225,VNNNBHHDVVBNBDNNBHNB
55,2,5,"TTATAA,TGCGCA",0.324000000000069,46438023168,1.4693280768e10,1.840821308,NNNNNBBBBBBBBBBBBBBB,2.7518828544e10,0.008342646,NNNMVNBNMNNBHNNBNBBB
56,2,6,"CTCGAG,TTTAAA",0.245000000000005,46438023168,3.4359738368e10,1.574205392,NNNNNYNNYNNYNNYNNYNN,1.4693280768e10,0.007111804,DNNDNBDHBDHBDHBNHBNH
57,2,7,"GAATTC,CCCGGG",0.0539999999999736,46438023168,3.0958682112e10,1.50756329,NNNNVHVNHDNWDVNNVNHD,1.5479341056e10,0.008169201,HNNHNNWDNKDBBHHVNHNN
58,2,8,"GGTACC,GTGCAC",0.0210000000000719,110075314176,6.1917364224e10,1.331055323,NNNNNDDNDDNDDNDDNDDN,1.10075314176e11,0.009000959,NNNHNDNHNDNHNDNNNDDN
59,2,9,"CTGCAG,TTATAA",0.451000000000022,41278242816,2.0639121408e10,1.449426203,NNNNBBNHHYBNNHYNBBNH,1.3060694016e10,0.008256458,DNDNDBDBDBDBDBSNHNNN
60,2,10,"GTGCAC,AGTACT",0.187000000000012,41278242816,2.4461180928e10,1.334798509,NNNNNRDNNVRDNDNVRDNN,8.153726976e9,0.008855893,BNNDNWDWNWNWNWNNVDNN
61,3,1,"AGCGCT,GCATGC,GGGCCC",0.201999999999998,56623104,2.7518828544e10,1.474388748,NNNNNRDNDNVDDDDNNDNR,4.1278242816e10,0.007084574,BNNNNDDDDHNDNWHNDNNN
62,3,2,"TACGTA,TGTACA,ACTAGT",0.615999999999985,48922361856,4.3486543872e10,1.549420349,NNNNNSSNBNBNNBSNBNNN,1.7414258688e10,0.015655767,VVNHNVVVBSNVNBNBVNBN
63,3,3,"CTGCAG,GTATAC,AATATT",1.15299999999991,27518828544,2.0639121408e10,1.727084413,NNNVVHHVNSNBNNYBNNHH,4.897760256e9,0.007302536,HVDHVBVDVDHDVRDSNNNN
64,3,4,"GGTACC,CAATTG,GGGCCC",0.349999999999909,46438023168,3.0958682112e10,1.531970447,NNNNVDVNDHDHWNHNHVNN,9.172942848e9,0.009318011,DNDKNNKNNKHNKDNNDNDH
65,3,5,"GTCGAC,TGTACA,CTCGAG",0.364000000000033,32614907904,1.6307453952e10,1.622200803,NNNNNTNNBNBBNWWNBNNB,1.1609505792e10,0.00966327,DVDBNNWDVBDNBNWDNBNN
66,3,6,"AGGCCT,GACGTC,CGATCG",0.196000000000026,65229815808,5.5037657088e10,1.539394383,NNNNDDDNHVVNDNWNHNNN,4.8922361856e10,0.0079432,DNNDNDNWNHNNNDNWNHNN
67,3,7,"ATTAAT,AGGCCT,GGATCC",0.461000000000013,34828517376,9.795520512e9,1.270144755,NNNNNRVVVVVVVVVVVVVV,1.3060694016e10,0.009659679,BNBBNNVDBKNNVDVDVDND
68,3,8,"AGCGCT,TCGCGA,TTATAA",0.649000000000001,26121388032,1.8345885696e10,2.429715318,NNNNDKBNNVYNBVHNBNNS,2.754990144e9,0.024771248,VVVHHYVHVYVHVHHHNNBB
69,3,9,"CATATG,GTCGAC,TCTAGA",1.13599999999997,30958682112,2.4461180928e10,3.062468494,NNNNBYNBBNNKBNNKBNND,1.3759414272e10,0.018864954,HNVVNSNNDSNNDSNNDBHN
70,3,10,"ACTAGT,CCCGGG,AACGTT",0.885999999999967,27518828544,1.8345885696e10,2.332907546,NNNNNMHNNMNVHVNMNVHV,2.0639121408e10,0.011760488,NNDNNVNVHVBMNVHNNMNV
71,4,1,"GTCGAC,TTTAAA,GGTACC,CTGCAG",7.101,17414258688,4.294967296e9,2.091029738,NNNNNTNNKNNTNNKNNTNN,8.707129344e9,0.012357517,DNVDNDNDBDHKDDBNNKND
72,4,2,"AGGCCT,CGATCG,GTCGAC,CCGCGG",0.525999999999954,48922361856,1.7414258688e10,3.476395056,NNNNDWDNHDNDHHVHDHHN,3.2614907904e10,0.013178862,BNNNHWNHNNNWNHWHNNNN
73,4,3,"CGGCCG,ATTAAT,AAGCTT,AGTACT",2.18700000000001,19591041024,1.3060694016e10,2.344252454,NNNNDVVMHVNVDVDVNVHV,2.754990144e9,0.008505935,DDDNDSVBMBHHDVBVHVHN
74,4,4,"CCGCGG,AGATCT,AATATT,ACTAGT",0.582000000000107,27518828544,1.7179869184e10,2.793469682,NNNNNMMNNNMMNNNMMNNN,1.5479341056e10,0.008309569,BNNNNWVMNDDVVDDNVVNN
75,4,5,"CGATCG,CCATGG,AGATCT,CATATG",0.466000000000008,27518828544,1.2230590464e10,2.550408528,NNNNNMMNBHVNNHMMNNHH,6.879707136e9,0.021373472,DDNNKKDDNNKKDDNNNVVN
76,4,6,"CTCGAG,GAATTC,GGGCCC,CAATTG",0.947000000000003,20639121408,1.6307453952e10,2.708238826,NNNNBWWNVNNVKNWNVNHN,1.224440064e9,0.015883461,HHHKHHHKDYHHKHHNNDHH
77,4,7,"CCTAGG,ATTAAT,TCTAGA,CGTACG",7.34299999999996,19591041024,8.153726976e9,2.515184412,NNNNBYBBNNYHNCNNNYHN,1.1019960576e10,0.017945736,BNVVVVVVVVVVVVVVNNNH
78,4,8,"CCTAGG,CGTACG,GACGTC,TTCGAA",2.97099999999989,23219011584,6.115295232e9,2.399226758,NNNNNTDNHNNKWBHNNBWB,1.1609505792e10,0.008967614,NVNDNWHHDNBHBNBWBHNN
79,4,9,"AGGCCT,CACGTG,CTCGAG,TTCGAA",2.17499999999995,21743271936,1.0319560704e10,2.382858701,NNNDNYVVBVDHHNNBWYNN,2.579890176e9,0.014942607,DNWNDNTBDNYHHHNNYHVN
80,4,10,"AGCGCT,ATTAAT,AACGTT,ACCGGT",1.56200000000001,20639121408,1.4693280768e10,2.355296496,NNNNNVVVVVVVVVVVVVVV,1.4693280768e10,0.007621168,NNNNNVVVVVVVVVVVVVVV
81,5,1,"TTTAAA,GTATAC,ATGCAT,GGGCCC,AGTACT",7.07000000000005,15479341056,9.663676416e9,3.342508066,NNNNNGNNRNNRNVRNNDNR,5.159780352e9,0.012260497,BNNNBDRBSDNNDDTNDBNN
82,5,2,"CTCGAG,ATCGAT,CGGCCG,AGCGCT,CAGCTG",0.778999999999996,24461180928,1.8345885696e10,3.344037953,NNNNHMHNNHMHNHNHMNBN,8.264970432e9,0.032164456,DDDDDDDDDDDDDDDNNNVV
83,5,3,"GGCGCC,TCATGA,CACGTG,TGCGCA,TTATAA",6.73599999999999,15479341056,6.530347008e9,2.69062307,NNNNNTHBNBHBDBHBDBHB,7.739670528e9,0.016700896,NHNNNYYWNHBHBHBNBHBN
84,5,4,"GAGCTC,CGATCG,TCATGA,CCGCGG,GCATGC",5.44099999999992,16307453952,7.247757312e9,2.222806584,NNNNHWDKKNNNNKTNNNNB,3.439853568e9,0.008745113,VNSNNWDDKVDDNKKDNNND
85,5,5,"TGCGCA,ATCGAT,GCTAGC,GTTAAC,ATTAAT",5.89999999999998,16307453952,8.153726976e9,3.217756478,NNNNNGDVNNNKKNBNBKNB,4.897760256e9,0.031218056,BNRRVVVVVVVVVVVVNNND
86,5,6,"AATATT,TGTACA,CTCGAG,GCGCGC,AAGCTT",8.90200000000004,11609505792,2.717908992e9,4.185296299,NBNNNTNNSNNANHNVHMNS,5.159780352e9,0.02268453,VBVNNWVNSNSDDHSDNNBN
87,5,7,"AGATCT,ACTAGT,GGTACC,GTGCAC,ATGCAT",9.04700000000003,13759414272,7.247757312e9,2.549513971,NNNNNRRVNNVRRNNVRRNN,5.804752896e9,0.013185577,HHHHNVVMVHNNVRMVNNNV
88,5,8,"AGATCT,CTGCAG,CCTAGG,CTCGAG,ATCGAT",8.029,13759414272,7.247757312e9,2.804848015,NNNNNMMHNNHMMNNNHMMN,6.44972544e8,0.010913847,DDKKDDKKDDKKDDKNNNVN
89,5,9,"TGGCCA,CTGCAG,GAATTC,AATATT,TGATCA",4.70399999999995,16307453952,2.717908992e9,2.569736908,NVNNNGNNYBDNNYKDNNYK,4.353564672e9,0.009523057,DNBBWBNBWBNBWBNBNBBB
90,5,10,"TCATGA,GAGCTC,GCATGC,CATATG,TTCGAA",7.92599999999993,13759414272,4.076863488e9,2.714421131,NNNNNTWNHNNBTNNNBBKD,5.804752896e9,0.015965916,HHNNYHVNBYNDYHVBNBHN
91,6,1,"TTTAAA,GAGCTC,GCATGC,CACGTG,AGCGCT,CTTAAG",1.63,13060694016,6.115295232e9,3.092527046,NVNNVRHMNHNNMYHNNHYN,6.530347008e9,0.008783612,HNVNHMDHHHHBDHYNNBNH
92,6,2,"AGTACT,GCATGC,AACGTT,TGTACA,ACGCGT,GAATTC",9.54200000000003,11609505792,7.739670528e9,2.305646287,NNNNDRDNDDRDNDDRDNDD,1.1609505792e10,0.008896805,VNNNVRVNVNVRVNVDVDVN
93,6,3,"ATGCAT,ATCGAT,AAGCTT,CGTACG,GCTAGC,AGTACT",1.02199999999993,20639121408,4.586471424e9,2.64671304,NNNNDRRDNNVVRVNVNRRD,2.448880128e9,0.013132186,BHBNHHMHHNVVRRDDNVVV
94,6,4,"ACCGGT,ATGCAT,TTTAAA,TACGTA,ACATGT,CGGCCG",4.97400000000005,13759414272,6.879707136e9,2.994998679,NNNNNCHMNNHBMBNVDVNH,4.586471424e9,0.011227592,NRBNNYBHKNNBHKNVYHNN
95,6,5,"CTGCAG,CCTAGG,CCATGG,GCATGC,ACATGT,TCTAGA",1.96499999999992,18345885696,2.176782336e9,3.556770937,VHBDDHBVVBNWNAVNNNMH,4.83729408e8,0.018672776,YDSDVBBSKVBYBSNHHNWN
96,6,6,"ATTAAT,TCTAGA,TGTACA,GTATAC,CGATCG,CCGCGG",12.414,11609505792,1.632586752e9,3.249075312,VDNVNVDYHHSBBHNHTNHV,6.44972544e8,0.019124492,BVNSHSHSHSHSHSWVNBNN
97,6,7,"TTCGAA,TCGCGA,ATTAAT,GATATC,GAATTC,CCATGG",6.48000000000002,13759414272,4.076863488e9,3.189104304,VNNNNASNBNVNSYNNNHYD,5.804752896e9,0.008241009,HDNNNSBBBBNSBBKBNBNB
98,6,8,"CAGCTG,CTTAAG,CCCGGG,GATATC,GCATGC,GCTAGC",7.55100000000004,13759414272,4.586471424e9,2.557024043,NNNNBWHWHWNHNHNWMHHN,1.836660096e9,0.008580159,HHHHMHHHMHHHMHHNNHHH
99,6,9,"TCGCGA,GCATGC,TGGCCA,GTGCAC,GCCGGC,AGGCCT",0.564000000000078,34828517376,3.0958682112e10,2.629853803,NNNDNDKNDDNDDNDDNDDN,1.5479341056e10,0.021546517,VHNHNKNWNNDDNDDNDDND
100,6,10,"CTCGAG,CTTAAG,CGTACG,GACGTC,GGTACC,GGCGCC",3.79899999999998,17414258688,6.879707136e9,1.841668295,NNNNNWWHWHNNHNHWHHHH,6.530347008e9,0.007485201,HDNHNHDHHMHDNMHHNNHH
101,7,1,"TTTAAA,TCCGGA,GGGCCC,ACCGGT,TGATCA,GGTACC,GAGCTC",5.40899999999999,13759414272,9.172942848e9,2.09014188,NNNDNGNNDNDKNBDNKNBD,3.869835264e9,0.008518871,VRBNNDVKDDNDKNBDNKNB
102,7,2,"AACGTT,CAGCTG,ATTAAT,CCGCGG,AGATCT,GGCGCC,AATATT",16.054,8153726976,3.057647616e9,1.997779129,NNNNNAVVVNVANNVNVANN,3.439853568e9,0.007184632,NNNVNAHVMNNVHMSNVHNH
103,7,3,"TGTACA,GGCGCC,ACCGGT,CTGCAG,CCGCGG,CGTACG,ACGCGT",5.00699999999995,18345885696,2.579890176e9,1.930116791,DDNNNTBNNHBYDMYHNNVH,1.1609505792e10,0.008552572,BNVNNWBHBVVHHNHHWNNN
104,7,4,"GCTAGC,CACGTG,ATGCAT,AGTACT,AATATT,TGATCA,CTCGAG",20.018,6879707136,1.719926784e9,2.163855147,NDNNNCSNHNHHVSDMHVNR,2.579890176e9,0.007762547,DNNVNRMVVBDHMVCNNHNN
105,7,5,"AGGCCT,GTGCAC,GTATAC,TTTAAA,GAATTC,ACTAGT,CGATCG",20.026,6115295232,2.579890176e9,2.095797077,NVNVNVANVHNVMDVHNMNR,3.265173504e9,0.008634266,DNVBNRVSNVVSNVVVDVHV
106,7,6,"GCCGGC,GCATGC,CACGTG,CCGCGG,TCGCGA,ATCGAT,GGCGCC",3.00200000000007,23219011584,5.509980288e9,2.758079887,VDDDDDDDDDDDDDDNHNNR,5.159780352e9,0.009090819,VNNNNAVBNHBWHNMNBHHN
107,7,7,"AACGTT,AGATCT,ACTAGT,GGTACC,CATATG,CCGCGG,CCCGGG",20.0210000000001,8153726976,6.115295232e9,1.893498291,NNNNVANNVNVMDHVMNNMN,3.439853568e9,0.007340083,NHHYNNMNHVMNHVMNHVMN
108,7,8,"ATTAAT,GGGCCC,AGATCT,ACCGGT,CGTACG,CCGCGG,CTCGAG",20.024,4897760256,1.528823808e9,1.783581465,NNNNNAMMNHNHMVMHNVVM,2.902376448e9,0.007629667,DDBNNRVHRNVHHRDMNHVN
109,7,9,"GGTACC,CTGCAG,GTATAC,CAATTG,TGGCCA,CGATCG,TACGTA",20.021,6115295232,3.057647616e9,2.05464719,NNNNNTYHNNVHYYHNNVHY,4.897760256e9,0.007682434,DDDNNKBBBBBBBBBBBKNN
110,7,10,"CTGCAG,AATATT,TACGTA,CTCGAG,CGATCG,TGCGCA,TCGCGA",8.601,1119744,4.076863488e9,1.874888655,NNNNNCYNNNHYMHVNBNYV,3.265173504e9,0.00903009,VNNKNHMHVDSDBDBNBBBB
111,8,1,"GCCGGC,GAATTC,TGTACA,TCCGGA,TTCGAA,CTCGAG,GTGCAC,GGCGCC",13.679,9172942848,3.439853568e9,2.106749582,NNNNNTDDNDNKDTNNBHBB,5.804752896e9,0.009408995,NNRNNDDRDNDRDNDDDDDD
112,8,2,"ACGCGT,AACGTT,GTTAAC,CCTAGG,CTTAAG,GTCGAC,ATGCAT,ACCGGT",20.015,6530347008,2.293235712e9,2.039714452,NNNVNARHNVNRVMVNVMNV,1.088391168e9,0.009002703,HHHBSVVRVNRVRVRVNVNV
113,8,3,"GAGCTC,AGCGCT,TGTACA,CGATCG,AATATT,GAATTC,GTGCAC,GGGCCC",20.018,6115295232,3.869835264e9,2.008147745,BNNNDDRNSDDDDDRNSDDN,3.439853568e9,0.009099278,DNNNNGNVDVNGNVDSNDDN
114,8,4,"GTGCAC,CACGTG,TCATGA,ATGCAT,CGATCG,TGTACA,TTTAAA,CAATTG",15.039,9172942848,1.719926784e9,2.163796067,DNNNVGVNNHNABNYHVBNY,1.719926784e9,0.009115565,DNHHNBCDVYNWNNCNVNNH
115,8,5,"AGATCT,CAATTG,CAGCTG,CCGCGG,GGTACC,ACTAGT,TCATGA,TGATCA",20.0240000000001,5509980288,1.146617856e9,2.511659418,HBNBHSWNNCDNNCNBHNWN,2.038431744e9,0.009323125,VNNNNANRSNHHGNNHSDNN
116,8,6,"ACATGT,TCGCGA,GTTAAC,AGATCT,CCATGG,GTGCAC,AGGCCT,TGCGCA",20.0249999999999,4586471424,1.019215872e9,2.386979738,VHNNNANDMNRVNRVNRNNA,1.934917632e9,0.008894189,BNDNNTDVDDDVRDRVNRNN
117,8,7,"AACGTT,ATTAAT,AGTACT,GGTACC,GTTAAC,GTATAC,CCTAGG,AGATCT",8.31800000000021,13060694016,2.293235712e9,2.256868319,NNNSVNVMDNVHSVVNNNAR,1.451188224e9,0.00995031,HHVNNVMRNVBSMHHNHVMV
118,8,8,"TCTAGA,GACGTC,ATCGAT,ATTAAT,GATATC,CAGCTG,GCCGGC,ACATGT",20.0259999999998,5159780352,2.293235712e9,2.097805795,NBNNHVBKANVNDVGNRNNN,9.67458816e8,0.008921145,HNNDVSYWBDMVSDKNVNVD
119,8,9,"TCTAGA,GGGCCC,AGTACT,CCTAGG,CCCGGG,AAGCTT,GACGTC,CAATTG",20.0240000000001,5804752896,9.67458816e8,1.939946328,DNDNNGNDVVDRNMDVHVNG,2.902376448e9,0.009357714,VYHNVHNMVHNMVHRHVNVN
120,8,10,"GTTAAC,AAGCTT,CTCGAG,TTTAAA,GTCGAC,AATATT,CGTACG,CGATCG",10.4180000000001,9172942848,1.934917632e9,2.061504103,VBNVHWNMDSNVHNHMDSNV,2.448880128e9,0.009280216,DBRBNVHDVMDVDVMNVNVH
121,9,1,"ACGCGT,CATATG,TACGTA,AATATT,ACATGT,GTTAAC,TCCGGA,GGATCC,CCATGG",20.0170000000001,5509980288,1.934917632e9,2.690184819,BDVNBKSHNDBHSHNNCHNN,6.44972544e8,0.008955626,MNHNBMDMRMNSVVVSNVVV
122,9,2,"CCGCGG,GGGCCC,GTTAAC,GCATGC,AAGCTT,TCTAGA,GAATTC,CCCGGG,TGTACA",20.0230000000001,3869835264,1.934917632e9,2.235019979,HNDNHSKHNYNDYBHBBHNY,3.099363912e9,0.007946513,VBVVNWDDDDDDDDDDDDDD
123,9,3,"TGTACA,ATTAAT,CCCGGG,AGCGCT,CAGCTG,TACGTA,GATATC,GTATAC,CACGTG",20.0160000000001,3439853568,8.59963392e8,2.454711695,DHNNNGHCBHNHNWCNVNNH,2.579890176e9,0.008628108,DNDNDRRVNNVVMRVMNHVN
124,9,4,"CTTAAG,AGATCT,CACGTG,TTTAAA,GCCGGC,GTGCAC,TGGCCA,GAGCTC,CGATCG",20.019,5435817984,1.019215872e9,1.927175679,VHNNNWYMMYVNHNYMDYNN,4.83729408e8,0.009455131,DHWNMKNMVYDDHHCVNHNH
125,9,5,"GATATC,ACATGT,GCTAGC,GCGCGC,GGATCC,CAATTG,TGATCA,AGGCCT,AATATT",20.0260000000001,3869835264,1.632586752e9,2.720131853,HHBBBDHNKWVBNHVRRNDH,1.528823808e9,0.010511516,VBNNNGWNBKDHNKTNNNNB
126,9,6,"CCATGG,TGATCA,TCCGGA,AGCGCT,CGGCCG,GCGCGC,AATATT,GTTAAC,GAATTC",20.0260000000001,3439853568,1.719926784e9,2.203445701,VNNNBANRHNNGDBNYHBHN,1.632586752e9,0.009125893,VNNVNABVHVHMBVHVHNWV
127,9,7,"TTCGAA,AATATT,CCTAGG,GTTAAC,TGATCA,GTATAC,CACGTG,GTGCAC,TTATAA",20.0160000000001,6198727824,2.579890176e9,2.326656306,HNNNNCBNYNBYBNBHBHKH,1.224440064e9,0.009657215,HNNVNCKDHSHBHBHBHBHB
128,9,8,"TCGCGA,TTCGAA,TCTAGA,GTCGAC,GCGCGC,CTGCAG,TGCGCA,GCATGC,ACTAGT",7.20299999999997,11019960576,2.293235712e9,2.363757624,VDNNBNKGDNNBNKGDNNND,3.439853568e9,0.008631235,BNNBNTVDBNBNKKRDNNND
129,9,9,"CCGCGG,CCATGG,GAGCTC,GCATGC,TTCGAA,CGATCG,GGATCC,TGCGCA,GTATAC",8.82000000000016,10319560704,2.038431744e9,2.640817242,NNNNNTDWNDBNNKDTNWND,3.869835264e9,0.00847858,NMNNNWNWDDVDHKDDNHDD
130,9,10,"GTTAAC,TTCGAA,ATGCAT,GAGCTC,CTGCAG,ACGCGT,TGGCCA,CCGCGG,AACGTT",20.0210000000002,7346640384,7.25594112e8,2.111427925,BBVDNKWVDDBBDGNNTNND,7.25594112e8,0.011606009,HNAHRDVBBRRDNDDRDDNN
131,10,1,"ACCGGT,CAATTG,AGGCCT,TTCGAA,CAGCTG,TGCGCA,GATATC,ATGCAT,TCATGA,ATTAAT",20.0170000000001,4132485216,2.902376448e9,2.828973024,BNBNBTNBNBBSBSBBDNNB,2.754990144e9,0.012885431,MVNVNMVVVVVVVVVVVVVV
132,10,2,"TGATCA,TCTAGA,GGATCC,GGTACC,CACGTG,AGATCT,AATATT,ACTAGT,TGCGCA,GGGCCC",20.0219999999999,5159780352,1.719926784e9,2.74353168,DHVNNNCRNYBNHNKYHNDB,8.59963392e8,0.010464445,VBSNNKKHVDSVNANWNVVN
133,10,3,"AATATT,ACATGT,TCGCGA,TGCGCA,CGGCCG,ATCGAT,CGATCG,AGATCT,TGTACA,GGGCCC",20.0150000000001,6115295232,1.088391168e9,2.576132671,VHNNHVCBBBNWDDVVBKSN,1.289945088e9,0.008536581,SNVHNWVVBVSWSNVNBWNV
134,10,4,"GTTAAC,AATATT,CTTAAG,AGTACT,GCATGC,TGATCA,AAGCTT,GGGCCC,TGGCCA,CGTACG",15.617,8707129344,6.198727824e9,2.775442737,DBHBHBHBHBHBHBHBNBNB,3.82205952e8,0.01002242,DNNBNGBNGBNGBNGNNKND
135,10,5,"GCTAGC,TTTAAA,GTTAAC,GAGCTC,CGTACG,GACGTC,GGTACC,AACGTT,CAATTG,AATATT",20.0119999999999,8264970432,9.67458816e8,2.731422605,HBVBBVNWVWRNVNVDRNAN,6.44972544e8,0.009390924,DNVYNDRWBTDNBVNGNDDN
136,10,6,"GGTACC,TGTACA,CGTACG,TGCGCA,AGATCT,CAGCTG,AGCGCT,AAGCTT,AGTACT,GAGCTC",9.32000000000016,944784,7.74840978e8,3.170040044,HBHHDHVDBVVAHHVDBBMV,1.43327232e8,0.010241519,RNRARDNNVABMVMVNVNMV
137,10,7,"TGGCCA,GACGTC,TGATCA,GATATC,GAGCTC,CGTACG,ACCGGT,GGCGCC,TGCGCA,CCTAGG",9.3159999999998,10319560704,3.869835264e9,2.454406109,BHVNNWNWDDNDNKDDDNKD,5.804752896e9,0.008429696,VDNDNWRNDDNDDDDKDNDN
138,10,8,"GTGCAC,GGTACC,ATCGAT,TTTAAA,TGCGCA,GAATTC,AGATCT,CACGTG,ACCGGT,CTCGAG",20.0159999999998,4076863488,8.16293376e8,3.631895045,DBBHNGBHNWBDBHVKVHNR,5.6623104e7,0.019412973,DNKKKKKKKKKKKKYNDBNN
139,10,9,"ATTAAT,TGCGCA,ACATGT,AGTACT,GACGTC,CTCGAG,CACGTG,TACGTA,AAGCTT,ATCGAT",20.0159999999998,5509980288,4.08146688e8,4.327164824,HHDDVVVSBADHDBMNVSNM,8.59963392e8,0.032417825,DBWNWRDMNVRNMNVVNMBV
140,10,10,"TCTAGA,CGTACG,AAGCTT,GGGCCC,ATCGAT,CCGCGG,CAATTG,CTTAAG,GGATCC,CGATCG",20.018,3869835264,2.176782336e9,2.921016532,HNNNHMWHHHHNYHMHHHHH,2.754990144e9,0.008237008,SHHNNHMHHHHHHHHHHHHH
