Column1,n_sites,rep,sites,time,degeneracy,orig_status,final_status,random_objval,random_runtime,random_code,greedy_objval,greedy_runtime,greedy_code
1,1,1,GATATC,0.0190000000002328,110075314176,OPTIMAL,OPTIMAL,1.4693280768e10,5.356729729,NNNNNDDDDDDDDDDDDDDD,1.10075314176e11,0.072800041,NNNBBNNBBNNBBNNBNNDN
2,1,2,GCGCGC,0.0140000000001237,195689447424,OPTIMAL,OPTIMAL,1.95689447424e11,9.097995842,NNNNNDDNNNNDDNNNNDDN,1.95689447424e11,0.013409834,NNNNNDDNNNNDDNNNNDDN
3,1,3,CAGCTG,0.110999999999876,82556485632,OPTIMAL,OPTIMAL,8.2556485632e10,6.695519704,NNNNVNHHHNNNHHHNNNHH,8.2556485632e10,0.056040392,NNNNNHHHNBNHHDNNHHNN
4,1,4,CCATGG,0.0209999999997308,110075314176,OPTIMAL,OPTIMAL,1.10075314176e11,6.613249429,NNNNNHNHNHNHNHNHNHNH,1.10075314176e11,0.036306218,NNNNNHNHNHNHNHDHNHNN
5,1,5,AGCGCT,0.0140000000001237,110075314176,OPTIMAL,OPTIMAL,1.4693280768e10,5.18234676,NNNNNVVVVVVVVVVVVVVV,1.10075314176e11,0.061322829,NNNHHNNHHNNHHNNHNNVN
6,1,6,CCATGG,0.135000000000218,110075314176,OPTIMAL,OPTIMAL,1.10075314176e11,6.632767374,NNNNNHNHNHNHNHNHNHNH,1.10075314176e11,0.021579666,NNNNNHNHNHNHNHDHNHNN
7,1,7,CGGCCG,0.0180000000000291,195689447424,OPTIMAL,OPTIMAL,1.95689447424e11,8.407296053,NNNNDNNHHNNNDNDNNNHN,1.95689447424e11,0.035829024,NNNHNHNNHNHNNHNHNNNN
8,1,8,CTTAAG,0.0429999999996653,110075314176,OPTIMAL,OPTIMAL,1.9591041024e10,8.446348947,NNNNBNNHHHHHHHHHHHHH,1.10075314176e11,0.103134069,NNVNVNVNVNVNVNVNNNNH
9,1,9,GGCGCC,0.0910000000003492,195689447424,OPTIMAL,OPTIMAL,1.10075314176e11,12.687403881,NNNNNDNDNDNDNDNDNDND,1.95689447424e11,0.031512338,NNNHNNDNHNNDNHNNDNNN
10,1,10,CCGCGG,0.101999999999862,195689447424,OPTIMAL,OPTIMAL,1.46767085568e11,11.21787875,NNNNNHNHNHNHHNNNHNHN,1.95689447424e11,0.12401867,NNNDNNHNDNNHNDNNHNNN
11,2,1,"TGCGCA,AACGTT",1.40500000000065,46438023168,OPTIMAL,OPTIMAL,2.0639121408e10,9.585151873,NNNNDVBNSBNBBDNBDNSN,1.3759414272e10,0.046942602,VNVNHMNNMVNSNVDNNNVB
12,2,2,"ACATGT,AACGTT",0.0539999999991778,110075314176,OPTIMAL,OPTIMAL,6.1917364224e10,7.82863603,NNNNNVVNVVNVVNVVNVVN,1.10075314176e11,0.037572151,NNNBNVNBNVNBNVNNNVVN
13,2,3,"TCCGGA,TCGCGA",0.497999999999593,77309411328,OPTIMAL,OPTIMAL,1.9591041024e10,7.390801231,NNNNHHNNBBBBBBBBBBBB,2.8991029248e10,0.030808025,NNNWVNNWVNNWVNNWNNNN
14,2,4,"GCTAGC,TCGCGA",0.0169999999998254,110075314176,OPTIMAL,OPTIMAL,9.7844723712e10,12.916957625,NNNNHHNDDNNNHNKDNNNN,3.4828517376e10,0.016102035,VVNNNDDDDVVNHNDDDNNN
15,2,5,"CCGCGG,GGGCCC",0.402000000000044,154618822656,OPTIMAL,OPTIMAL,1.37438953472e11,10.833251921,NNNNNWNNNNNWNNNNNWNN,6.5229815808e10,0.063536329,NDHNNDNNWNDHNNWNNNNN
16,2,6,"TGGCCA,GTATAC",2.94200000000001,36691771392,OPTIMAL,OPTIMAL,1.7414258688e10,9.721145695,NNNNNKNDNDDDDDDDDDDD,2.4461180928e10,0.177211513,NHNNNRVNBYNNNRVNBBNN
17,2,7,"AACGTT,CGGCCG",1.20899999999983,46438023168,OPTIMAL,OPTIMAL,2.4461180928e10,10.709347794,NNNNNMHHNNVNMHHNNVNM,1.7414258688e10,0.045441052,DNDDNNHVDVHHHBNMNHNN
18,2,8,"CGTACG,TGGCCA",0.213999999999942,86973087744,OPTIMAL,OPTIMAL,8.6973087744e10,10.311184535,NNNNDNWNHNNNDDNWNNNN,1.9591041024e10,0.076665385,VVDNHHHVVDNHHHHHNNNN
19,2,9,"TGTACA,GCATGC",0.664999999999964,41278242816,OPTIMAL,OPTIMAL,2.7518828544e10,7.708757405,NNNNNKDDNBBNNBKDNBBN,2.6121388032e10,0.064995373,VNNNNDDDDDDDDDNBBNNB
20,2,10,"CGTACG,ACGCGT",0.13799999999992,46438023168,OPTIMAL,OPTIMAL,2.7518828544e10,8.486522896,NNNNHHHHNNNVMHNNNVMH,4.6438023168e10,0.061462143,BNNNNHHHHDNNVHDVHNNN
21,3,1,"CTGCAG,GGTACC,AATATT",5.98900000000049,24461180928,OPTIMAL,OPTIMAL,7.739670528e9,9.555946874,NNNNBRHRHDNVVHNDVNMH,1.0319560704e10,0.031311939,DBNBNNWYDNVNYBHNHBNN
22,3,2,"TACGTA,GAGCTC,CAGCTG",4.06600000000071,27518828544,OPTIMAL,OPTIMAL,1.0319560704e10,10.325795768,NNNDDBVNKNBWNNVDBSVN,4.353564672e9,0.057457523,VVBNHWDNNWKDDDNHDDBN
23,3,3,"CAGCTG,CCATGG,GAGCTC",1.69800000000032,48922361856,OPTIMAL,OPTIMAL,4.1278242816e10,11.808373514,NNNNDWNHNDHNHNDHNHND,1.9591041024e10,0.060587794,HHHNNHHHNHHHNHHHNHNH
24,3,4,"CCGCGG,TTATAA,AATATT",2.36800000000039,27518828544,OPTIMAL,OPTIMAL,1.2230590464e10,10.065174557,NNNNNCHNNNHSHNHHNSNH,7.346640384e9,0.030530922,VDVNVDVVHVDVVHSNNHNH
25,3,5,"ATGCAT,GAATTC,TCATGA",2.42100000000028,41278242816,OPTIMAL,OPTIMAL,3.6691771392e10,10.388308967,NNNNVSNVNVNVVNVBNRNN,1.8345885696e10,0.034488908,HNNNNSBVVNNKDKNNNVBN
26,3,6,"GGATCC,CGATCG,CCTAGG",0.260000000000218,65536,OPTIMAL,OPTIMAL,6.8719476736e10,10.021428231,NNNNNWNWNNNNNWNWNNNN,6.8719476736e10,0.030698168,NNNNNWNWNNNNNWNWNNNN
27,3,7,"GACGTC,GTGCAC,ATTAAT",2.81099999999969,26121388032,OPTIMAL,OPTIMAL,1.5479341056e10,7.478285861,NNNNBDDRVNDDDVSNDDNN,5.509980288e9,0.024535351,HHHVNVVSHDHVDVBNDDVN
28,3,8,"CGGCCG,TTCGAA,GTGCAC",4.18499999999949,27518828544,OPTIMAL,OPTIMAL,5.435817984e9,9.735100005,NNNNNTNNBNBHTNNNBNTN,5.435817984e9,0.027141837,DNNWNWNWNWNWNWDNNDBN
29,3,9,"TGTACA,AGCGCT,GGTACC",4.75999999999931,27518828544,OPTIMAL,OPTIMAL,2.1743271936e10,10.802290281,NNNNDDNKNVKNNKNNKNDN,6.115295232e9,0.073314943,VNMNVMNVMNVMNVMHNNNN
30,3,10,"CCGCGG,TCTAGA,GCGCGC",2.9989999999998,36691771392,OPTIMAL,OPTIMAL,1.6307453952e10,10.29167679,NNNNNTNNBNNTNNBNHHNB,2.4461180928e10,0.071896556,VNNNNWHNBNNYNWHDBNNN
31,4,1,"CAATTG,CGTACG,AGCGCT,CACGTG",5.59100000000035,23219011584,OPTIMAL,OPTIMAL,8.707129344e9,9.027740935,NNNNNMMHNHHHHHHHHHHH,9.795520512e9,0.051897007,DDNNWNNHHDHHHHDHHHHN
32,4,2,"TGATCA,CATATG,CTCGAG,AGTACT",22.4499999999998,20639121408,OPTIMAL,OPTIMAL,6.879707136e9,12.238888483,NNNNVCVNNVVMHNVNYBBN,6.879707136e9,0.084300834,DBNNNSBKDNNBKKNNNBBB
33,4,3,"GATATC,GACGTC,GTGCAC,AAGCTT",24.6319999999996,16307453952,OPTIMAL,OPTIMAL,6.115295232e9,10.34202198,NNNNNRDDNDRNDRNDRNDR,7.739670528e9,0.023763868,HNNNHVDDWNDDWNKDDNND
34,4,4,"ACATGT,TCTAGA,GACGTC,CCATGG",7.17100000000028,20639121408,OPTIMAL,OPTIMAL,6.879707136e9,14.415930459,NDNNVVBDANNVNNANHNNV,7.739670528e9,0.06830545,MNBBNSBNDBHNVSBNDNHN
35,4,5,"ACGCGT,TCCGGA,GATATC,TTCGAA",16.3729999999996,16307453952,OPTIMAL,OPTIMAL,3.869835264e9,7.658017874,NNNNHKRBDNDVBRBKVNVB,6.879707136e9,0.051549729,VVNNHWDRNNNDRBDRNNND
36,4,6,"CGTACG,ACTAGT,GGTACC,CCCGGG",1.9369999999999,27518828544,OPTIMAL,OPTIMAL,7.247757312e9,10.333292358,NNNNVANNNNVANNNNVANN,4.897760256e9,0.0551678,BHDHDNHNHDVMDYDNHNHD
37,4,7,"TTTAAA,AGTACT,AGGCCT,TCCGGA",17.4399999999996,18345885696,OPTIMAL,OPTIMAL,1.2230590464e10,8.546610973,NNNNDBSRHNNNDBSRNBNN,6.44972544e8,0.036046522,VVMVMVMVMVMVMVMNNNNV
38,4,8,"GCCGGC,GGTACC,TGTACA,GTGCAC",2.99200000000019,30958682112,OPTIMAL,OPTIMAL,2.1743271936e10,7.863424215,NNNNNKDDNKNNKNDDNKNN,1.8345885696e10,0.024523757,VNNNNDDDNKNVKNWNDNNB
39,4,9,"TGATCA,CTGCAG,GAGCTC,CCGCGG",3.26800000000003,27518828544,OPTIMAL,OPTIMAL,5.159780352e9,9.240367874,NNNDDDNBKDNNYKDNDHBK,1.0871635968e10,0.046281727,NHVNNWNWNWNWNWNNBDNN
40,4,10,"GTTAAC,TCATGA,GCATGC,GATATC",18.6489999999994,21743271936,OPTIMAL,OPTIMAL,5.435817984e9,8.999600729,NNNNNKKKNBNSNNHNDKKB,6.530347008e9,0.07344022,VVVHNDDDSVNHNDWDBDNN
41,5,1,"GTATAC,GGCGCC,CTCGAG,GACGTC,GAATTC",28.357,15479341056,OPTIMAL,OPTIMAL,1.1609505792e10,7.505530607,NNNNNWWDDDNNDDDDDDDD,7.346640384e9,0.013890558,HHNHDNHDNWDHDDHDNDDH
42,5,2,"CTTAAG,ACATGT,TGGCCA,GATATC,TTTAAA",34.7240000000002,15479341056,OPTIMAL,OPTIMAL,6.879707136e9,10.208564464,NDNBNBKVNYBBNNYBBNNY,5.804752896e9,0.02413973,HVNVVBVSVNSVNVSNNBVN
43,5,3,"TGATCA,TGCGCA,CGGCCG,GAGCTC,TTTAAA",17.491,20639121408,OPTIMAL,OPTIMAL,9.172942848e9,9.087263428,NNNNNTDNBNBKNBHYDNBN,3.869835264e9,0.071848175,DNHNWBWNKHVKNHHHBNNB
44,5,4,"AGATCT,TCCGGA,CATATG,CCATGG,AGGCCT",45.8620000000001,13759414272,OPTIMAL,OPTIMAL,5.159780352e9,8.139390275,NNNNHMVNBYVVBYNVHNHM,5.159780352e9,0.035019518,VNNNRYWNHNHVHHNMNHVH
45,5,5,"GTATAC,TGGCCA,CGATCG,CATATG,TTTAAA",22.0240000000003,16307453952,OPTIMAL,OPTIMAL,6.879707136e9,9.590376285,NNNVVBBYNNBDVBKNNNTN,4.353564672e9,0.035554869,DNHDSNNBBHBYHDSNNBBH
46,5,6,"AGCGCT,GCCGGC,AATATT,TGCGCA,ACGCGT",36.6350000000002,13759414272,OPTIMAL,OPTIMAL,1.934917632e9,8.443673391,NNNNDRDVDVVVRRDNNVVG,3.439853568e9,0.074149943,VNNNNRRRBNNVRDWHVNVV
47,5,7,"TACGTA,GCTAGC,GTGCAC,TCGCGA,CCATGG",34.4210000000003,12884901888,OPTIMAL,OPTIMAL,4.586471424e9,8.559442583,NNNNNTBHNDNTNNDDYNDB,3.265173504e9,0.067470866,HNVVMMVVVVVVVVNNHNWB
48,5,8,"TGCGCA,GCGCGC,GACGTC,CCATGG,CAGCTG",5.60999999999967,30958682112,OPTIMAL,OPTIMAL,2.0639121408e10,8.974462248,NNNHHHNHNHBWNHNHBWNN,1.3759414272e10,0.036280176,VHNNNWMNNDNHHMNNHHHN
49,5,9,"CAATTG,GAATTC,CGGCCG,GCGCGC,AGTACT",1.54600000000028,27518828544,OPTIMAL,OPTIMAL,7.247757312e9,9.690561708,NNNNNANVNNNANVNNNANV,3.057647616e9,0.048759999,DNNDRKNWKNDKNDHMNVNN
50,5,10,"TTATAA,ACTAGT,CATATG,AGATCT,GCGCGC",18.3730000000005,15479341056,OPTIMAL,OPTIMAL,7.739670528e9,8.495446193,NNVVNDDMVNNDMMNNVVVD,4.353564672e9,0.056440377,VNVHHVMHNVMHNVRVNDNV
51,6,1,"CTGCAG,GTATAC,CCGCGG,GGCGCC,AGTACT,CGGCCG",10.5020000000004,15479341056,OPTIMAL,OPTIMAL,1.0319560704e10,8.26424028,NNNNDWDDDDNRDNDNRDND,1.3759414272e10,0.028762778,DDNNNRDNDNRDNDNRDNDN
52,6,2,"GACGTC,CGGCCG,GTATAC,AAGCTT,GCATGC,TTATAA",28.5400000000009,11609505792,OPTIMAL,OPTIMAL,3.869835264e9,8.726811032,NVNNNADNKVVNHDRDNBVD,6.530347008e9,0.025937489,HVHHDNDSHVHNDNDSNVHN
53,6,3,"CCATGG,AGGCCT,CTTAAG,TCCGGA,GTTAAC,AACGTT",120.111999999999,7739670528,TIME_LIMIT,TIME_LIMIT,2.176782336e9,10.327370405,DDNDVDDVNANWNBNRBBHV,1.528823808e9,0.029026025,YNNMNMNNMDHVWMHNNSHV
54,6,4,"TGCGCA,ATGCAT,CCCGGG,CGTACG,CACGTG,CTGCAG",19.0900000000001,15479341056,OPTIMAL,OPTIMAL,6.879707136e9,9.200238754,NNNNBYYNNHHHHHNNHMMH,5.509980288e9,0.132619111,DDDDDDDDDDDDDDRNNVBN
55,6,5,"GACGTC,TCTAGA,TGATCA,CCATGG,CGGCCG,GAGCTC",33.7649999999994,12230590464,OPTIMAL,OPTIMAL,5.159780352e9,8.487453134,NNNNNTDHNNBKHDBBDNBY,4.586471424e9,0.057212949,VNVNNWRWVNNDBWWNBNNB
56,6,6,"GGTACC,GCTAGC,TGGCCA,CCGCGG,GCGCGC,GATATC",6.88799999999901,20639121408,OPTIMAL,OPTIMAL,8.707129344e9,8.963923755,NNNNBTNNDDNDDDDDDDDD,9.795520512e9,0.038571453,VDNNNKDNDHDDDDHDDDDN
57,6,7,"CAGCTG,ACGCGT,ATTAAT,TTCGAA,TGCGCA,TACGTA",120.1,8153726976,TIME_LIMIT,TIME_LIMIT,3.869835264e9,8.754291884,NNNDDSNHBVNCBHNVHYHN,2.293235712e9,0.042693676,NRDNNHVRGNNHKDBHNNSN
58,6,8,"GAATTC,CACGTG,CCCGGG,ATCGAT,GCATGC,GATATC",77.9189999999999,11609505792,OPTIMAL,OPTIMAL,4.076863488e9,10.865327774,NNNNNAVNVNNAVNVNNAND,3.439853568e9,0.039631908,HNNNNAVMDNNDMMVNNHHD
59,6,9,"GTTAAC,AGTACT,TCTAGA,GGCGCC,AGATCT,CACGTG",120.076999999999,7247757312,TIME_LIMIT,TIME_LIMIT,3.439853568e9,9.104277267,NHNNHWBSNHNBWHVGNNDN,1.377495072e9,0.037905294,VHBVHTVNDBBVDKDBVVDN
60,6,10,"CTCGAG,AGCGCT,GGGCCC,ATTAAT,TTATAA,GCTAGC",42.732,11609505792,OPTIMAL,OPTIMAL,3.057647616e9,10.912327762,HNHNNCHNHNNCNNMNBVNM,3.439853568e9,0.035089567,BNNVBRYSDNNDHSDMNNHN
61,7,1,"ACTAGT,CACGTG,GGCGCC,ACGCGT,CTTAAG,TCCGGA,TCGCGA",4.95099999999911,18345885696,OPTIMAL,OPTIMAL,8.264970432e9,8.607922037,HNNNHHHHHHHHHHHHHHHH,6.530347008e9,0.037880445,SHNNNHHHHHHHHHHHHYNN
62,7,2,"GCCGGC,TTCGAA,ATCGAT,TGCGCA,AGATCT,CCATGG,CAATTG",83.6560000000009,8153726976,OPTIMAL,OPTIMAL,1.934917632e9,10.195279338,HVBNDNAVNNHVMSNBDHNM,2.176782336e9,0.028894152,BNDYNHSDBDYVVBDHNMBN
63,7,3,"GACGTC,CAATTG,TCGCGA,TTATAA,TGCGCA,CGTACG,CAGCTG",108.298999999999,6530347008,OPTIMAL,OPTIMAL,1.934917632e9,8.649120172,NNNNHTHYNBNBYBYBBBBB,2.902376448e9,0.021261714,NHDNNYYVNDBYHHNBHYHB
64,7,4,"CTTAAG,CACGTG,CGTACG,GAGCTC,GTATAC,CAGCTG,ATTAAT",59.5879999999997,8264970432,OPTIMAL,OPTIMAL,2.293235712e9,10.523546447,NNNVVMVNMNMDWHBHKNNW,9.67458816e8,0.046376967,HHDNNMMMWDNHMVSVHHNH
65,7,5,"TTCGAA,GTCGAC,AAGCTT,GCCGGC,AACGTT,CGTACG,ATGCAT",15.5879999999997,11609505792,OPTIMAL,OPTIMAL,1.719926784e9,10.374624793,NVNNDRDNNSNGDDNHHVNG,4.076863488e9,0.025992774,HNNNHCHNNNHCHNNWNWNN
66,7,6,"CGTACG,CCTAGG,TTTAAA,AGTACT,AACGTT,GTGCAC,GTCGAC",25.8420000000006,10319560704,OPTIMAL,OPTIMAL,2.902376448e9,10.476893312,VHVNBVNADHNNSNVDHWDN,3.623878656e9,0.049632474,DNWNNSVNRWNWNNSNSNND
67,7,7,"TTCGAA,GGGCCC,GATATC,AGGCCT,GAATTC,TCATGA,GCATGC",93.5690000000013,7739670528,OPTIMAL,OPTIMAL,2.717908992e9,10.10377227,NNNNNGKNDNNKDKDNDNKK,2.902376448e9,0.058684475,VHVHNWVDNKBDNBTDNNNB
68,7,8,"AGATCT,CATATG,TTTAAA,CGGCCG,GATATC,ATCGAT,TACGTA",52.5389999999989,8707129344,OPTIMAL,OPTIMAL,2.902376448e9,9.3280674,BBHNBNBYMHBNBWVBNBKN,2.902376448e9,0.090960852,DNBBHSMDNVNMVHVMVNBN
69,7,9,"CCCGGG,AATATT,GGTACC,TTCGAA,GTATAC,TGATCA,CTGCAG",84.905999999999,7739670528,OPTIMAL,OPTIMAL,2.579890176e9,9.963910042,NBNNNTDDVDBBBNKHKNKN,1.934917632e9,0.034724894,DNNNNGHBNBVTNKVDBBBN
70,7,10,"GTATAC,GGTACC,ATGCAT,TGCGCA,CCATGG,ACTAGT,CAGCTG",120.114,6530347008,TIME_LIMIT,TIME_LIMIT,6.79477248e8,9.956386391,NHNNNAVRNNNWRANHNNVA,2.754990144e9,0.053044908,BNNSVBYBHBHBHBHBHBHB
71,8,1,"CTGCAG,GCATGC,GTGCAC,CATATG,CGATCG,GGATCC,ACGCGT,CGTACG",27.7200000000012,10319560704,OPTIMAL,OPTIMAL,4.353564672e9,11.071317504,NNNNDANHWNHHHHHHHHHH,3.869835264e9,0.048412597,HHNDHHHWHYHNNDHYWNNN
72,8,2,"GGGCCC,TGGCCA,TGCGCA,AGGCCT,CGGCCG,TTATAA,TTCGAA,GCGCGC",21.4389999999985,12230590464,OPTIMAL,OPTIMAL,1.224440064e9,12.325561383,VDVVNADVVDDBNABNBDNB,1.451188224e9,0.067576556,BHNBNKNBTKHVBBWHNBNB
73,8,3,"GCGCGC,GGTACC,CGGCCG,ACGCGT,ATTAAT,TTCGAA,TGGCCA,GAGCTC",120.043,4586471424,TIME_LIMIT,TIME_LIMIT,1.934917632e9,10.924620835,VVHNNDRSDDDDBDKNNTNN,1.632586752e9,0.048328848,BHDBBDBDRSDDNDDSDKNN
74,8,4,"TGCGCA,GAATTC,AGCGCT,CCGCGG,TTCGAA,CTTAAG,GGGCCC,CGGCCG",68.3410000000003,7739670528,OPTIMAL,OPTIMAL,3.057647616e9,11.341045907,DNNHBDKNNWSNHBNWYNKN,3.265173504e9,0.057326336,DNRHHDDDHHDDKDNBDKNN
75,8,5,"GTCGAC,CTTAAG,ATCGAT,CCGCGG,CGTACG,GTTAAC,CCATGG,ACGCGT",73.1350000000002,8153726976,OPTIMAL,OPTIMAL,4.076863488e9,13.538734303,NNNVNARNNNYYNBNHYHBN,2.176782336e9,0.030186814,HHVNNMHWDHMHHNHMHHNH
76,8,6,"TCATGA,CTTAAG,GCCGGC,TCGCGA,TTTAAA,CCATGG,CTGCAG,TTATAA",33.8019999999997,11019960576,OPTIMAL,OPTIMAL,2.717908992e9,10.345508762,NNNNNTHBNBBYNYNYNYNY,2.579890176e9,0.036259014,HNNNDYHYNBDYHYVBNYNH
77,8,7,"GTCGAC,TGTACA,GACGTC,CACGTG,GTGCAC,TTTAAA,CCGCGG,AGCGCT",46.0639999999985,9172942848,OPTIMAL,OPTIMAL,2.717908992e9,11.667865016,VNNNNAKNNDDKNNKNDTNN,2.176782336e9,0.049980987,DHHHHBNHYBDWBBSNVWNN
78,8,8,"AGTACT,CAATTG,ACTAGT,CCATGG,TCGCGA,GCATGC,TGTACA,CATATG",45.4589999999989,8707129344,OPTIMAL,OPTIMAL,2.579890176e9,12.640262955,DDDNDDNGDNDNNGDNNSNB,2.066242608e9,0.054193228,VDBNVVSSBBBBBBBBBBBB
79,8,9,"AACGTT,TGGCCA,TGATCA,ACTAGT,AGGCCT,TGTACA,TTCGAA,ACGCGT",106.419,7739670528,OPTIMAL,OPTIMAL,1.073741824e9,9.860290301,NNNNNSSSSSNNNNNSSSSS,3.486784401e9,0.030351216,VVVVVVVVVVVVVVVVVVVV
80,8,10,"GCATGC,CTGCAG,CGATCG,CCGCGG,GAATTC,TACGTA,TTATAA,GGTACC",120.163,5159780352,TIME_LIMIT,TIME_LIMIT,2.293235712e9,9.669928469,NNNNVTBWNNBKBBYNDNKH,2.293235712e9,0.032257608,NNNNNTKDNNBKKSVHNDDD
81,9,1,"GGCGCC,TACGTA,CGGCCG,TCGCGA,GTTAAC,TGCGCA,TGTACA,ACGCGT,ACATGT",75.7330000000002,6879707136,OPTIMAL,OPTIMAL,2.902376448e9,13.005593474,VNNNNADDVHHHYHNHHNSV,3.439853568e9,0.025344834,VNNNDRRDNWNDRDVWVNBN
82,9,2,"TCTAGA,GACGTC,GTCGAC,ACTAGT,GCATGC,ATGCAT,CTTAAG,CCGCGG,GATATC",120.061,3869835264,TIME_LIMIT,TIME_LIMIT,1.088391168e9,12.419821316,HHHBNHMMHVHNMVMNHHDM,7.64411904e8,0.045391253,HNDBKHRSHNNRTWNDNNSN
83,9,3,"GATATC,GGCGCC,TTTAAA,ACATGT,TCCGGA,AATATT,GCATGC,TCTAGA,ACTAGT",120.076999999999,4076863488,TIME_LIMIT,TIME_LIMIT,5.09607936e8,10.103884071,NNNNNGGBNNDDKGNNNDDG,1.719926784e9,0.043897246,VVVNNRRVVDNRRBNNRRBN
84,9,4,"GATATC,CCATGG,CACGTG,TCCGGA,TACGTA,GTGCAC,GAATTC,GACGTC,ACCGGT",50.4110000000001,7739670528,OPTIMAL,OPTIMAL,1.451188224e9,9.849424709,VHDNHDVSNYKHWDNDNBRD,2.448880128e9,0.0356268,HNDWDHDDKDNDDKDDDNDD
85,9,5,"CCATGG,CTCGAG,GCATGC,CGTACG,GGGCCC,CCGCGG,AGATCT,TCTAGA,TCATGA",25.2900000000009,9663676416,OPTIMAL,OPTIMAL,3.265173504e9,10.415848932,VHHVNHHMMNHNHMHHHNHH,4.076863488e9,0.041570371,BDSNNWNWNDSNNWDWNNVN
86,9,6,"AATATT,TCGCGA,TGTACA,ATTAAT,GGATCC,GATATC,GCGCGC,CGGCCG,CAATTG",120.157999999999,5159780352,TIME_LIMIT,TIME_LIMIT,8.59963392e8,11.788425198,VBNNNANGNDDNRRVNHDRV,2.038431744e9,0.054553047,VNBNNARNNHSDHNYWNSNN
87,9,7,"AGCGCT,ATTAAT,GCTAGC,TCGCGA,GCCGGC,TTATAA,TGCGCA,TGTACA,AAGCTT",120.085999999999,4586471424,TIME_LIMIT,TIME_LIMIT,2.038431744e9,11.823266158,NNNNDGDNDNDGNNRNDSSN,2.579890176e9,0.051679952,NVNNHSDDRVHVVRWNNNVS
88,9,8,"ATGCAT,AGATCT,TGGCCA,TGTACA,GGATCC,GGCGCC,CAGCTG,GTTAAC,CCGCGG",63.3990000000013,8264970432,OPTIMAL,OPTIMAL,9.67458816e8,10.695291662,VDNNVRRNNAHDHNVSDMDH,6.44972544e8,0.039949284,KNHBHDANDNRVGNDNRDDN
89,9,9,"CAATTG,AGCGCT,TGATCA,TGTACA,CGATCG,AACGTT,CATATG,AGATCT,CTCGAG",120.118,5804752896,TIME_LIMIT,TIME_LIMIT,6.03979776e8,11.393667896,NNNNNCCNNNNHCCNNNNHC,1.289945088e9,0.045276288,VVNNDMMBVDMMBVSNMNNH
90,9,10,"CCCGGG,AGCGCT,CACGTG,GGGCCC,TCCGGA,TCATGA,GTTAAC,AACGTT,GATATC",69.6350000000002,7247757312,OPTIMAL,OPTIMAL,2.176782336e9,11.038749152,HDHNNMDHMBHVDHHNWRBN,2.293235712e9,0.016285238,VNNNNARDDNNDRKRNDNDD
91,10,1,"CGATCG,ATGCAT,GGGCCC,GCTAGC,ACGCGT,GCCGGC,GATATC,CGGCCG,GGTACC,GGATCC",52.9560000000001,9172942848,OPTIMAL,OPTIMAL,4.586471424e9,11.124505047,NNNNNAVDNHBWNDNDVWRN,3.265173504e9,0.030013939,NHNYNVYHHDWNBHVVDDDD
92,10,2,"TCATGA,CTTAAG,TCCGGA,TACGTA,AGATCT,AGTACT,GCGCGC,TTCGAA,GATATC,GTTAAC",120.118,5435817984,TIME_LIMIT,TIME_LIMIT,1.934917632e9,11.231932767,VNVNNRKDBRNKKBNBHBDB,6.44972544e8,0.048795224,HNHSHSWNVSHSDNGBNDND
93,10,3,"ATCGAT,GTCGAC,TGCGCA,AGTACT,CCGCGG,ACCGGT,GTATAC,AACGTT,AGATCT,TGTACA",75.4369999999999,6198727824,OPTIMAL,OPTIMAL,1.146617856e9,10.78805023,BNNNNTVRBNNRRDNVVRRV,1.934917632e9,0.035867695,BNBNDWRDBDNRDDGNNDND
94,10,4,"TCGCGA,TACGTA,ACCGGT,CTCGAG,ATCGAT,ACATGT,GCTAGC,GTTAAC,GCCGGC,TGCGCA",56.5690000000013,8707129344,OPTIMAL,OPTIMAL,2.579890176e9,10.810100061,BVDNDKNVDRDDNNDGRNNN,5.09607936e8,0.066133933,YNVBDYBRWRYNRDRRNNNN
95,10,5,"GCGCGC,GTTAAC,GAATTC,TGTACA,AAGCTT,TTTAAA,TCCGGA,AGGCCT,GGATCC,CAATTG",65.4750000000004,6198727824,OPTIMAL,OPTIMAL,1.146617856e9,13.558142442,HNNNRBBABNDBNWGNNRND,4.83729408e8,0.031447366,RHNHBRBBVBRKBKHNKNKV
96,10,6,"GAATTC,GGGCCC,ATTAAT,TTATAA,TGATCA,CTTAAG,CAGCTG,GTTAAC,GCGCGC,ACCGGT",120.155000000001,5804752896,TIME_LIMIT,TIME_LIMIT,8.59963392e8,10.653751169,HDNBNYDKNBHKDSDNNKWK,1.146617856e9,0.054785335,HVWNNBWBNSNVDARNNDNR
97,10,7,"TGGCCA,CCCGGG,CAGCTG,GCATGC,ATCGAT,TGATCA,GGTACC,GCCGGC,GTATAC,TCATGA",120.074000000001,4649045868,TIME_LIMIT,TIME_LIMIT,1.224440064e9,11.04083207,VDDNVDVGNVBDWNDDRBDD,1.146617856e9,0.057846048,BNVNYYYHMVNHHHTWNNNN
98,10,8,"CGTACG,AATATT,TGCGCA,AAGCTT,TTCGAA,GCCGGC,GGTACC,TCTAGA,CTCGAG,GTCGAC",120.136,4586471424,TIME_LIMIT,TIME_LIMIT,1.836660096e9,14.830682887,BVVHBHVNYDVWBHVNBDVW,1.451188224e9,0.034809274,BNGNBDDDBWVDBNVWKNNV
99,10,9,"GCCGGC,GGCGCC,TTCGAA,ACTAGT,CAGCTG,TCCGGA,GGATCC,GGTACC,GCATGC,ATCGAT",24.5500000000011,8264970432,OPTIMAL,OPTIMAL,1.934917632e9,12.095094185,HNNNNCDYDDNRBDDNRBDD,1.019215872e9,0.050681175,HNRDNRNANDKNBWSWNNVN
100,10,10,"ATCGAT,CGGCCG,GCTAGC,GCATGC,CCATGG,CTGCAG,GGCGCC,TCGCGA,TTATAA,TTTAAA",120.108,5159780352,TIME_LIMIT,TIME_LIMIT,1.934917632e9,12.058798785,HNNNHCHNNHHYHBHSBNYH,1.719926784e9,0.019468394,BNHMNKWDNBNSKBWVHBNN
