Column1,n_sites,oligo_lengths,rep,sites,time,random_objval,random_runtime,random_code,greedy_objval,greedy_runtime,greedy_code
1,1,20,1,CGGCCG,0.0140000000001237,1.95689447424e11,1.650867527,NNNNNHHHNNNDNNHHNNNN,1.95689447424e11,0.236284895,NNNHNHNNHNHNNHNHNNNN
2,1,20,2,ATCGAT,0.00999999999999091,1.10075314176e11,0.905141708,NNNNBNVVVNNNNVVVVNNN,8.2556485632e10,0.004950121,NNNNNVVVVNVNNVVVVNNN
3,1,20,3,TCGCGA,0.0080000000000382,1.4693280768e10,0.736854266,NNNNNBBBBBBBBBBBBBBB,1.10075314176e11,0.006959516,NNNDDNNDDNNDDNNDNNBN
4,1,20,4,TGATCA,0.0109999999999673,8.2556485632e10,0.955414665,NNNNNBBBNNNBBBNNNBBB,8.2556485632e10,0.005768303,NNNNNBBBNHNBBVNNBBNN
5,1,20,5,TTATAA,0.0289999999999964,1.46767085568e11,1.045702971,NNNNNBNBBNNNBBNNNBNB,1.95689447424e11,0.006396208,NNNVNNBNVNNBNVNNBNNN
6,1,20,6,TGCGCA,0.0080000000000382,1.9591041024e10,0.805856785,NNNNDNBNBBBBBBBBBBBB,1.10075314176e11,0.007400344,NNNHHNNHHNNHHNNHNNBN
7,1,20,7,AGTACT,0.0080000000000382,8.2556485632e10,0.900926315,NNNNNVVVNNNVVVNNNVVV,8.2556485632e10,0.004947958,NNNNNVVVNHNVVHHNVNNN
8,1,20,8,GCGCGC,0.00699999999983447,1.95689447424e11,0.958099898,NNNNNDDNNNNDDNNNNDDN,1.95689447424e11,0.005678187,NNNNNDDNNNNDDNNNNDDN
9,1,20,9,TGTACA,0.00799999999981083,1.10075314176e11,0.928656177,NNNNNBBNNBBNNBBNNBBN,8.2556485632e10,0.006127059,NNNNNBBNNBBNVBBNNNBB
10,1,20,10,GAGCTC,0.00700000000006185,1.10075314176e11,0.934427676,NNNNNDDNNDDNNDDNNDDN,8.2556485632e10,0.006103374,NNNNNDDNNDDNVVNDDNND
11,1,40,1,ATCGAT,0.00900000000001455,5.111679989929967e21,1.994852889,NNNNNVVVVNNNNVVVVNNNNVVVVNNNNVVVVNNNNVVV,2.1564899957517048e21,0.012465402,NNNNNVVVVNVNNVVVVNVNNVVVVNVNNVVVVNVNNVNV
12,1,40,2,TCGCGA,0.0080000000000382,3.411634563591564e20,1.98384956,NNNNHNBHNBNBYNBHNBHNBHHNNNBBBBBBBBBBBBBB,6.815573319906622e21,0.018062057,NNNDDNNDDNNDDNNDDNNDDNNDDNNDDNNDDNNDNNBN
13,1,40,3,GCCGGC,0.0119999999999436,2.1540577406124634e22,2.394446958,NNNNHNNDDNNNNDDDNNNHNHNNNDNDNNNHNHNNNDND,2.1540577406124634e22,0.014327149,NNNDNDNNDNDNNDNDNNDNDNNDNDNNDNDNNDNDNNNN
14,1,40,4,CACGTG,0.00700000000006185,6.815573319906622e21,2.070813336,NNNNNHHNNHHNNHHNNHHNNHHNNHHNNHHNNHHNNHHN,2.8753199943356063e21,0.012994229,NNNNNHHNNHHNVVNHHNNHHNVVNHHNNHHNVVNHHNNH
15,1,40,5,ACGCGT,0.00799999999981083,9.107964832244569e19,1.809511888,NNNNHHNNNVVVVVVVVVVVVVVVVVVVVVVVVVVVVVVV,6.815573319906622e21,0.01642246,NNNDDNNDDNNDDNNDDNNDDNNDDNNDDNNDDNNDNNVN
16,1,40,6,GGATCC,0.00700000000006185,6.815573319906622e21,2.199001699,NNNNNDNDNDNDNDNDNDNDNDNDNDNDNDNDNDNDNDND,6.815573319906622e21,0.018203809,NNNNNDNDNDNDNDNDNDNDNDNDNDNDNDNDNDHDNDNN
17,1,40,7,TTTAAA,0.00600000000008549,3.829435983311046e22,2.27352844,NNNNNBNNBNNBNNBNNBNNBNNBNNBNNBNNBNNBNNBN,3.829435983311046e22,0.013420191,NNNNNBNNBNNBNNBNNBNNBNNBNNBNNBNNBNNBNNBN
18,1,40,8,TGATCA,0.00799999999981083,6.815573319906622e21,2.14451717,NNNNNBBBNNNBBBNNNBBBNNNBBBNNNBBBNNNBBBNN,2.8753199943356063e21,0.013856206,NNNNNBBBNHNBBVNNBBVNNBBVNNBBVNNBBVNNBBNN
19,1,40,9,AGATCT,0.0080000000000382,6.815573319906622e21,2.159317996,NNNNNVVNNVVNNVVNNVVNNVVNNVVNNVVNNVVNNVVN,2.8753199943356063e21,0.01234695,NNNNNVVNNVVNDDNVVNNVVNDDNVVNNVVNDDNVVNNV
20,1,40,10,CAATTG,0.0080000000000382,4.548846084788752e20,2.214982789,NNNNNHHHHHMNVNVNVNVNVNVNVNNHHHHHHHHHHHHH,6.815573319906622e21,0.015653982,NNBNBNBNBNBNBNBNBNBNBNBNBNBNBNBNBNBNNNNH
21,1,60,1,GGGCCC,0.00600000000008549,5.620351586397905e33,3.712958997,NNNNNDNNDNNDNNDNNDNNDNNDNNDNNDNNDNNDNNDNNDNNDNNDNNDNNDNNDNND,5.620351586397905e33,0.024412836,NNNNNDNNDNNDNNDNNDNNDNNDNNDNNDNNDNNDNNDNNDNNDNNDNNDNNDNNDNND
22,1,60,2,CTTAAG,0.0080000000000382,5.934407844994245e31,4.036764913,NNNNBNBNBNBNBNBNBNNHHHHHHYNBNNHHHHHYNBNBNBNBNBNBNBNBNBNBNBNN,4.220023356440352e32,0.025405913,NNVNVNVNVNVNVNVNVNVNVNVNVNVNVNVNVNVNVNVNVNVNVNVNVNVNVNVNNNNH
23,1,60,3,GGTACC,0.00700000000006185,4.220023356440352e32,3.464470777,NNNNNDNDNDNDNDNDNDNDNDNDNDNDNDNDNDNDNDNDNDNDNDNDNDNDNDNDNDND,4.220023356440352e32,0.020690922,NNNNNDNDNDNDNDNDNDNDNDNDNDNDNDNDNDNDNDNDNDNDNDNDNDNDNDHDNDNN
24,1,60,4,CGTACG,0.0080000000000382,4.220023356440352e32,3.456171352,NNNNNHHHHNNNNHHHHNNNNHHHHNNNDNHHHNNNNHHHHNNNNHHHHNNNNHHHHNNN,7.510734928820841e31,0.020730727,NNNNNHHHHNHNNHHHHNHNNHHHHNHNNHHHHNHNNHHHHNHNNHHHHNHNNHHHHNNN
25,1,60,5,CCGCGG,0.0270000000000437,5.626697808587136e32,3.504820966,NNNNNHNHNHNHNHNHHNNNHHNNNHNHNHNHNHNHNHNHNHNHNHNHNHNHNHNHNHNH,2.3710858255116162e33,0.022336753,NNNDNNHNDNNHNDNNHNDNNHNDNNHNDNNHNDNNHNDNNHNDNNHNDNNHNDNNHNNN
26,1,60,6,CCATGG,0.00799999999981083,4.220023356440352e32,3.503844402,NNNNNHNHNHNHNHNHNHNHNHNHNHNHNHNHNHNHNHNHNHNHNHNHNHNHNHNHNHNH,4.220023356440352e32,0.019285592,NNNNNHNHNHNHNHNHNHNHNHNHNHNHNHNHNHNHNHNHNHNHNHNHNHNHNHDHNHNN
27,1,60,7,GTATAC,0.00900000000001455,2.3818132276445203e29,2.528547855,NNNNBNDNDDDDDDDDDDDDDDDDDDDDDDDDDDDDDDDDDDDDDDDDDDDDDDDDDDDD,4.220023356440352e32,0.028598969,NNNVVNNVVNNVVNNVVNNVVNNVVNNVVNNVVNNVVNNVVNNVVNNVVNNVVNNVNNDN
28,1,60,8,TACGTA,0.00700000000006185,4.220023356440352e32,3.591479126,NNNNNBBBBNNNVNBBBNNNNBBBBNNNNBBBBNNNNBBBBNNNVNBBBNNNNBBBBNNN,7.510734928820841e31,0.022419328,NNNNNBBBBNVNNBBNBNBBBBVNNNBBBBNVNNBBNBNBBBBVNNNBBBBNVNNBBNBN
29,1,60,9,GATATC,0.00799999999981083,1.003694133789296e30,3.134888981,NNNNVVNNVNDVVNNVNDNDDDDDDDDDDDDDDDDDDDDDDDDDDDDDDDDDDDDDDDDD,4.220023356440352e32,0.027522628,NNNBBNNBBNNBBNNBBNNBBNNBBNNBBNNBBNNBBNNBBNNBBNNBBNNBBNNBNNDN
30,1,60,10,ATTAAT,0.0110000000001946,2.3710858255116162e33,3.904862452,NNNNNVVVNNNBNNVVNNNNVVVNNNBNNVVNNNBNNVVNNNNVVVNNNBNBNNNVNVNN,2.3710858255116162e33,0.022677218,NNNVNVNNVNVNNVNVNNVNVNNVNVNNVNVNNVNVNNVNVNNVNVNNVNVNNVNVNNNN
31,1,80,1,CGGCCG,0.0119999999999436,3.479973562419353e44,5.646089242,NNNNDNNHHNNNDNDNNNHNHNNNNHHHNNNDNDNNNHNHNNNNHHHNNNNHHHNNNNHHHNNNDNDNNNHNHNNNDNNH,2.6099801718145147e44,0.03975118,NNNHNHNNHNHNNHNHNNHNHNNHNHNNHNHNNHNHNNHNHNNHNHNNHNHNNHNHNNHNHNNHNHNNHNHNNHNHNNNN
32,1,80,2,ACTAGT,0.0080000000000382,1.959695423958782e43,5.106487637,NNNNNVVVNNNVVVNNNVVVNNNVVVNNNVVVNNNVVVNNNVVVNNNVVVNNNVVVNNNVVVNNNVVVNNNVVVNNNVVV,3.487836826332891e42,0.035111961,NNNNNVVVNDNVVDDNVNNNVVVNDNVVDDNVNNNVVVNDNVVDDNVNNNVVVNDNVVDDNVNNNVVVNDNVVDDNVNNN
33,1,80,3,GGTACC,0.0080000000000382,2.6129272319450424e43,5.051396641,NNNNNDNDNDNDNDNDNDNDNDNDNDNDNDNDNDNDNDNDNDNDNDNDNDNDNDNDNDNDNDNDNDNDNDNDNDNDNDND,2.6129272319450424e43,0.028108619,NNNNNDNDNDNDNDNDNDNDNDNDNDNDNDNDNDNDNDNDNDNDNDNDNDNDNDNDNDNDNDNDNDNDNDNDNDHDNDNN
34,1,80,4,CCGCGG,0.0219999999999345,4.645203967902297e43,4.974015685,NNNNNHNHNHNHNHHNNNHNHNHNHNHNHNHNHNHNHHNNNHNHNHNHHNNNHNHNHNHNHNHNHNHHNNNHNHNHNHNH,2.6099801718145147e44,0.031103292,NNNDNNHNDNNHNDNNHNDNNHNDNNHNDNNHNDNNHNDNNHNDNNHNDNNHNDNNHNDNNHNDNNHNDNNHNDNNHNNN
35,1,80,5,TCCGGA,0.00900000000001455,3.2698470246870855e41,5.390209083,NNNNHNHNHNNBBBBBBBBBBBBYNHNHNHNHNHNHNHNHNHNHNHNHNNBBBYNHNHNHNHNHNNBBBBYNNBBBBBBB,2.6129272319450424e43,0.044563963,NNDNDNDNDNDNDNDNDNDNDNDNDNDNDNDNDNDNDNDNDNDNDNDNDNDNDNDNDNDNDNDNDNDNDNDNDNDNNNNB
36,1,80,6,GAGCTC,0.00700000000006185,2.6129272319450424e43,4.913091577,NNNNNDDNNDDNNDDNNDDNNDDNNDDNNDDNNDDNNDDNNDDNNDDNNDDNNDDNNDDNNDDNNDDNNDDNNDDNNDDN,3.487836826332891e42,0.031639434,NNNNNDDNNDDNVVNDDNNDDNVVNDDNNDDNVVNDDNNDDNVVNDDNNDDNVVNDDNNDDNVVNDDNNDDNVVNDDNND
37,1,80,7,TTATAA,0.02800000000002,6.193605290536397e43,5.180353129,NNNNNBNBNBNBNBBNNNBBNNNBBNNNBNBNBNBNBBNNNBBNNNBNBNBNBNBNBNBNBNBNBBNNNBNBNBNBNBNB,2.6099801718145147e44,0.034535656,NNNVNNBNVNNBNVNNBNVNNBNVNNBNVNNBNVNNBNVNNBNVNNBNVNNBNVNNBNVNNBNVNNBNVNNBNVNNBNNN
38,1,80,8,AAGCTT,0.0080000000000382,2.6129272319450424e43,4.944454749,NNNNNVNVNVNVNVNVNVNVNVNVNVNVNVNVNVNVNVNVNVNVNVNVNVNVNVNVNVNVNVNVNVNVNVNVNVNVNVNV,2.6129272319450424e43,0.027170735,NNNNNVNVNVNVNVNVNVNVNVNVNVNVNVNVNVNVNVNVNVNVNVNVNVNVNVNVNVNVNVNVNVNVNVNVNVBVNVNN
39,1,80,9,GACGTC,0.0080000000000382,1.959695423958782e43,4.88256244,NNNNNDDDNNNDDDNNNDDDNNNDDDNNNDDDNNNDDDNNNDDDNNNDDDNNNDDDNNNDDDNNNDDDNNNDDDNNNDDD,3.487836826332891e42,0.029810707,NNNNNDDDNBNDDHNNDDHNNDDHNNDDHNNDDHNNDDHNNDDHNNDDHNNDDHNNDDHNNDDHNNDDHNNDDHNNDDNN
40,1,80,10,CGATCG,0.00700000000006185,1.959695423958782e43,4.957048854,NNNNNHHHHNNNNHHHHNNNNHHHHNNNNHHHHNNNNHHHHNNNNHHHHNNNDNHHHNNNNHHHHNNNNHHHHNNNNHHH,1.9619082148122512e42,0.028703063,NNNNNHHHHNHNNHHHHNHNNHHHHNHNNHHHHNHNNHHHHNHNNHHHHNHNNHHHHNHNNHHHHNHNNHHHHNHNNHNH
41,1,100,1,GTATAC,0.00900000000001455,2.1717966305744017e48,4.139077341,NNNNNDDDDDDDDDDDDDDDDDDDDDDDDDDDDDDDDDDDDDDDDDDDDDDDDDDDDDDDDDDDDDDDDDDDDDDDDDDDDDDDDDDDDDDDDDDDDDDD,1.617855671111493e54,0.050307639,NNNVVNNVVNNVVNNVVNNVVNNVVNNVVNNVVNNVVNNVVNNVVNNVVNNVVNNVVNNVVNNVVNNVVNNVVNNVVNNVVNNVVNNVVNNVVNNVNNDN
42,1,100,2,GAATTC,0.00999999999999091,7.592261594411736e51,6.838816754,NNNNNDDDDDDDDDDDDDDDDDRNVNVNVNVNVNVNVNVNVNVNVNVNVNVNVNVNVNVNVNVNNDDDDRNNDDDDRNVNVNVNNDDDDDDRNVNVNVNN,1.617855671111493e54,0.048736119,NNBNBNBNBNBNBNBNBNBNBNBNBNBNBNBNBNBNBNBNBNBNBNBNBNBNBNBNBNBNBNBNBNBNBNBNBNBNBNBNBNBNBNBNBNBNBNBNNNND
43,1,100,3,GCTAGC,0.0080000000000382,1.6178556711114934e54,6.572703721,NNNNNDDDDNNNNDDDDNNNNDDDDNNNNDDDDNNNNDDDDNNNNDDDDNNNNDDDDNNNNDDDDNNNNDDDDNNNNDDDDNNNNDDDDNNNNDDDDNNN,6.833035434970563e52,0.046496418,NNNNNDDDDNHNNDDNDNDDDDHNNNDDDDNHNNDDNDNDDDDHNNNDDDDNHNNDDNDNDDDDHNNNDDDDNHNNDDNDNDDDDHNNNDDDDNHNNDDN
44,1,100,4,ATCGAT,0.00900000000001455,1.6178556711114934e54,6.347551675,NNNNNVVVVNNNNVVVVNNNBNVVVNNNNVVVVNNNNVVVVNNNNVVVVNNNNVVVVNNNNVVVVNNNNVVVVNNNNVVVVNNNNVVVVNNNNVVVVNNN,6.833035434970562e52,0.040593346,NNNNNVVVVNVNNVVVVNVNNVVVVNVNNVVVVNVNNVVVVNVNNVVVVNVNNVVVVNVNNVVVVNVNNVVVVNVNNVVVVNVNNVVVVNVNNVVVVNNN
45,1,100,5,ACATGT,0.00799999999981083,1.617855671111493e54,6.278268339,NNNNNVVNNVVNNVVNNVVNNVVNNVVNNVVNNVVNNVVNNVVNNVVNNVVNNVVNNVVNNVVNNVVNNVVNNVVNNVVNNVVNNVVNNVVNNVVNNVVN,1.2147618551058778e53,0.042276777,NNNNNVVNNVVNHHNVVNNVVNHHNVVNNVVNHHNVVNNVVNHHNVVNNVVNHHNVVNNVVNHHNVVNNVVNHHNVVNNVVNHHNVVNNVVNHHNVVNNV
46,1,100,6,GGTACC,0.0080000000000382,1.617855671111493e54,6.344949625,NNNNNDNDNDNDNDNDNDNDNDNDNDNDNDNDNDNDNDNDNDNDNDNDNDNDNDNDNDNDNDNDNDNDNDNDNDNDNDNDNDNDNDNDNDNDNDNDNDND,1.617855671111493e54,0.044040634,NNNNNDNDNDNDNDNDNDNDNDNDNDNDNDNDNDNDNDNDNDNDNDNDNDNDNDNDNDNDNDNDNDNDNDNDNDNDNDNDNDNDNDNDNDNDNDHDNDNN
47,1,100,7,AGCGCT,0.200000000000045,2.8957288407658683e48,4.434398902,NNNNDNVNVVVVVVVVVVVVVVVVVVVVVVVVVVVVVVVVVVVVVVVVVVVVVVVVVVVVVVVVVVVVVVVVVVVVVVVVVVVVVVVVVVVVVVVVVVVV,1.617855671111493e54,0.045700511,NNNHHNNHHNNHHNNHHNNHHNNHHNNHHNNHHNNHHNNHHNNHHNNHHNNHHNNHHNNHHNNHHNNHHNNHHNNHHNNHHNNHHNNHHNNHHNNHNNVN
48,1,100,8,TGCGCA,0.0109999999999673,5.142156115996735e49,5.282228204,NNNNDDNNDNBDNBDDNNDNBDDNNDNBDNBNBBBBBBBBBBBBBBBBBBBBBBBBBBBBBBBBBBBBBBBBBBBBBBBBBBBBBBBBBBBBBBBBBBBB,1.617855671111493e54,0.050308281,NNNHHNNHHNNHHNNHHNNHHNNHHNNHHNNHHNNHHNNHHNNHHNNHHNNHHNNHHNNHHNNHHNNHHNNHHNNHHNNHHNNHHNNHHNNHHNNHNNBN
49,1,100,9,TCATGA,0.0119999999999436,1.6178556711114934e54,6.266674265,NNNNNBBBNNNBBBNNNBBBNNNBBBNNNBBBNNNBBBNNNBBBNNNBBBNNNBBBNNNBBBNNNBBBNNNBBBNNNBBBNNNBBBNNNBBBNNNBBBNN,1.2147618551058778e53,0.038158442,NNNNNBBBNDNBBVNNBBVNNBBVNNBBVNNBBVNNBBVNNBBVNNBBVNNBBVNNBBVNNBBVNNBBVNNBBVNNBBVNNBBVNNBBVNNBBVNNBBNN
50,1,100,10,CCCGGG,0.00599999999985812,1.6142082452858594e56,6.678093962,NNNNNHNNHNNHNNHNNHNNHNNHNNHNNHNNHNNHNNHNNHNNHNNHNNHNNHNNHNNHNNHNNHNNHNNHNNHNNHNNHNNHNNHNNHNNHNNHNNHN,1.6142082452858594e56,0.03864457,NNNNNHNNHNNHNNHNNHNNHNNHNNHNNHNNHNNHNNHNNHNNHNNHNNHNNHNNHNNHNNHNNHNNHNNHNNHNNHNNHNNHNNHNNHNNHNNHNNHN
